artikel_id,query_sumber,title,date,content,extracted_who,extracted_what,extracted_when,extracted_where,extracted_why,extracted_how
7460,pilkada indonesia 2024,6 Bupati Ini Terciduk Korupsi Besar-besaran Demi Biayai Pilkada Selain Bupati Meranti,2023-04-09 06:36:10,"Sederet bupati terlibat tindak pidana korupsi untuk keperluan Pemilihan Kepala Daerah atau Pilkada . Diantaranya, yang terbaru, adalah Bupati Kepulauan Meranti, Muhammad Adil. Ia dilaporkan menggunakan dana hasil suap untuk maju dalam Pemilihan Gubernur (Pilgub) Riau 2024. Adil kekinian sudah menjadi tersangka dan ditahan di Rumah Tahanan (Rutan) Komisi Pemberantasan Korupsi (KPK). Tak hanya dirinya, beberapa bupati juga disangkakan kasus korupsi dengan salah satu pemakaian dana yang sama, yakni untuk pilkada. Berikut daftarnya. 1. Bupati Meranti KPK menetapkan Bupati Meranti, Muhammad Adil sebagai tersangka kasus korupsi. Sebelumnya, ia terjaring operasi tangkap tangan (OTT) pada Kamis (6/4/2023) malam. Ia dijerat tiga duduk perkara, yakni pemotongan anggaran daerah, terima dana umrah, dan beri suap ke Badan Pemeriksaan Keuangan (BPK). Adil memangkas anggaran daerah yang dimanipulasi sebagai utang untuk biaya pencalonannya dalam Pilgub Riau 2024. Ia juga menerima suap dari program umrah gratis serta menyuap auditor BPK Perwakilan Riau demi menerima predikat baik. Saat ini, ia ditahan di Rutan KPK, Gedung Merah Putih sampai 26 April 2023. 2. Bupati Kapuas dan Istri Beberapa hari sebelum Adil, Bupati Kapuas Ben Brahim S. Bahat dan istrinya Ary Egahni sudah lebih dulu diumumkan sebagai tersangka kasus korupsi. Disebutkan oleh KPK, keduanya memakai dana Pemkab Kapuas sebanyak Rp8,7 miliar, salah satunya untuk kepentingan politik. Uang hasil korupsi itu dipakai Bahat dalam Pilkada Bupati Kapuas. Sementara sang istri menggunakannya saat pencalegan anggota DPR RI pada 2019 lalu. Mereka membayar sejumlah lembaga survey serta untuk kegiatan kampanye dan memenuhi gaya hidup mewah. 3. Bupati Halmahera Timur Bupati Halmahera Timur Rudy Erawan ditetapkan sebagai tersangka kasus suap proyek jalan di Kementerian PUPR pada Januari 2018. Ia diduga menerima uang dari eks Kepala BPJN IX Maluku dan Maluku Utara Amran HI Mustary sebesar Rp6,3 miliar. KPK menyebut Rudy memakai Rp200 juta dari uang tersebut untuk Rapimnas PDIP, namun dibantah. Lalu, sebanyak Rp500 juta digunakannya untuk kampanye Pemilihan Bupati Halmahera Timur. Atas perbuatannya, ia pun dihukum 4,5 tahun penjara. 4. Bupati Ngada Bupati Ngada, Marianus Sae pada Februari 2018 ditangkap KPK terkait kasus suap proyek di daerahnya. Ia menerima uang sebanyak Rp5,9 miliar yang salah satunya digunakan untuk pencalonan dirinya sebagai Gubernur Nusa Tenggara Timur (NTT). Ia lantas dihukum 8 tahun penjara di pengadilan tingkat pertama. 5. Bupati Subang Bupati Subang Imas Aryumningsih juga ditetapkan oleh KPK sebagai tersangka kasus suap. Dana itu salah satunya dipakai untuk kampanye dirinya menjadi Bupati Subang periode kedua dalam Pilkada 2018. Ia diduga memperoleh benefit seperti pemasangan baliho dan sewa mobil Alphard. Atas dasar ini, ia divonis 6,5 tahun penjara. 6. Bupati Jombang Bupati Jombang Nyono Suharli turut menjadi tersangka atas kasus suap, yakni soal pengurusan jabatan di Pemkab Jombang. Uang itu diduga digunakan untuk kembali maju menjadi bupati pada Pilkada 2018. Ia kemudian divonis 3,5 tahun penjara di pengadilan tingkat pertama.",Pemilihan Kepala Daerah; Bupati Kepulauan Meranti; Bupati Kapuas Ben Brahim; Bupati Subang Bupati Subang Imas; Bupati Halmahera Timur Bupati Halmahera,"Sederet bupati terlibat tindak pidana korupsi untuk keperluan Pemilihan Kepala Daerah atau Pilkada . Selain itu, ia terjaring operasi tangkap tangan (OTT) pada Kamis (6/4/2023) malam.",Kamis (6/4/2023); 26 April 2023,Riau; Maluku Utara; Subang; Nusa Tenggara Timur,Uang itu diduga digunakan untuk kembali maju menjadi bupati pada Pilkada 2018.,Ia dilaporkan menggunakan dana hasil suap untuk maju dalam Pemilihan Gubernur (Pilgub) Riau 2024.
12513,pilkada indonesia 2024,Menakar Munculnya Strategi Polarisasi dalam Pemilu 2024,2023-03-18 02:50:14,"Indonesia akan melaksanakan pemilihan umum ( ) pada tahun 2024. Pesta Demokrasi lima tahunan ini akan menjadi tolak ukur demokrasi berjalan dengan baik. Gubernur Lemhannas RI Andi Widjajanto sempat menyatakan bahwa Indonesia mampu untuk menjadi dewasa dalam demokrasi jika telah melewati Pemilu sebanyak lima kali. Artinya, pada tahun 2024 dan 2029 akan menjadi Pemilu yang keenam dan ketujuh bagi warga Indonesia untuk pemilihan presiden secara langsung. Perjalanan Pemilu di Indonesia, sejatinya rentan akan gangguan yang terjadi di dalam prosesnya. Hal ini menurut penulis salah satunya adalah berupa gangguan polarisasi yang terjadi di tengah masyarakat. Polarisasi atau pembelahan masyarakat akibat beda pilihan saat pemilu masih rentan terjadi. Sebab masih adanya kepentingan-kepentingan elite atau kandidat dalam menggunakan kata-kata atau diksi saat penyampaian visi dan misi mereka. Lalu, bagaimana dengan penggunaan strategi polarisasi yang mungkin akan digunakan oleh partai politik peserta pemilu hingga kandidat-kandidat yang bertarung di dalamnya? Tentu, kita sebagai masyarakat pemilih wajib memperhatikan visi misi kandidat atau parpol yang pasti berseliweran dalam proses . Memperhatikan serta memilih pilihan yang tepat bagi bangsa Indonesia dengan tanpa membelah diri kita terhadap perbedaan pilihan kala pemilu berlangsung. Pemilu Presiden 2014 dan 2019 menjadi gambaran bagaimana polarisasi terjadi saat Pemilu. Masyarakat terbelah dalam beberapa kubu mengenai kandidat pilihan terbaik mereka. Istilah cebong dan kampret menjadi populer kala itu. Proses pemilu di dua tahun tersebut, menjadi panggung diorama dalam melihat Indonesia terpolarisasi akibat proses pemilu. Cecep Hidayat, seorang pengamat politik dari Universitas Indonesia saat wawancara dengan wartawan BBC Indonesia, pernah mengatakan polarisasi akan terus terjadi ketika Pemilu datang jika perdebatan masih seputar kandidat, bukan dalam proses visi misi. Penalaran rasional juga dibutuhkan kepada masyarakat dalam memilih visi misi kandidat, bukan sekadar profil kandidat yang sejatinya dapat memunculkan polarisasi di tengah masyarakat itu sendiri. Komisi Pemilihan Umum ( ), beserta Badan Pengawas Pemilu (Bawaslu) sepatutnya mencegah terjadinya polarisasi melalui implementasi peraturan yang tegas dalam mengatur dan mengawasi alur Pemilu berlangsung. Polarisasi di tengah masyarakat mungkin akan sangat terjadi, jika pola kampanye hingga penyampaian visi misi beserta langkah nyata kandidat masih sama menggunakan pola profil kandidat, ketimbang apa dan bagaimana program-program mereka dapat terealisasi saat menjadi pemenang dalam Pemilu. Masyarakat akan terbiasa menjadi terbelah dengan tetap berfokus pada melihat Suku, Adat, Ras dan Agama dari jagoan mereka, tanpa melihat bagaimana program mereka dapat berguna saat pemilu usai. Pemilu 2024 menurut opini penulis akan sama seperti pemilu 2014 dan 2019 jika pola penyampaian visi misi kandidat presiden dan wapres hanya berkutat sebatas gimmick profil kandidat. Hal ini tak selaras atau sebanding dengan visi misi penyampaian serta hal apa yang telah kandidat raih. Apalagi, Pemilu 2024 adalah pemilu tanpa calon incumbent, yang mana hal ini menjadi pilihan terbaru bagi masyarakat untuk memilih calon-calon kepala negara dan pemerintahan. Polarisasi yang kuat di tengah masyarakat memang besar kemungkinan akan memenangkan suara dalam Pemilu. Namun hal ini juga dapat merusak bangsa. Strategi Polarisasi mungkin dapat memenangkan kontestasi pemilu, namun efek setelahnya ialah masyarakat Indonesia menjadi terpecah akibat Pemilu. Alih-alih adu gagasan,endukung saling menjatuhkan dengan narasi politik identitas. Penggunaan media sosial juga patut diperhatikan karena rentan terdapat narasi sesat mengenai Pemilu. KPU, Badan Intelijen Negara (BIN), dan Badan Nasional Penanggulangan Terorisme (BNPT) patut bersinergi untuk meredam strategi-strategi yang dapat menimbulkan polarisasi di tengah masyarakat. Berdasarkan hal-hal di atas, maka menurut penulis sudah sepatutnya bangsa Indonesia melihat ke belakang dalam melaksanakan Pemilu ke depan. Sejatinya, jika Pemilu dimaknai sebagai pesta demokrasi untuk mencari pemimpin bangsa. Maka narasi penyampaian visi misi harus dikedepankan, demi untuk mencerdaskan masyarakat agar tidak terpolarisasi akibat Pemilu. Tahun 2024 juga menjadi Pemilu tanpa incumbent. Hal ini menurut penulis dapat dimanfaatkan bagi partai politik untuk menyiapkan koalisi serta jagoan mereka dengan merancang program yang baru. Penyampaian narasi oleh kandidat juga patut diwaspadai demi untuk memberikan pilihan yang rasional bagi masyarakat saat Pemilu 2024 tiba.",Strategi Polarisasi; Gubernur Lemhannas; Pesta Demokrasi; Perjalanan Pemilu; Pemilu Presiden,Indonesia akan melaksanakan pemilihan umum ( ) pada tahun 2024.,18 Maret 2023,Universitas Indonesia,"Proses pemilu di dua tahun tersebut, menjadi panggung diorama dalam melihat Indonesia terpolarisasi akibat proses pemilu.","Komisi Pemilihan Umum ( ), beserta Badan Pengawas Pemilu (Bawaslu) sepatutnya mencegah terjadinya polarisasi melalui implementasi peraturan yang tegas dalam mengatur dan mengawasi alur Pemilu berlangsung."
9101,simulasi pilpres capres cawapres,"Isu Duet Maut Prabowo-Ganjar, Ada Restu Jokowi?",2023-03-11 03:39:16,"Wacana memasangkan Prabowo Subianto dengan Ganjar Pranowo pada Pilpres 2024 kembali mencuat ke publik usai keduanya mendampingi Presiden Jokowi pada panen raya di Jawa Tengah. Ganjar dan Prabowo tampak menempel Jokowi selama panen raya di Desa Lajer, Kabupaten Kebumen kemarin. Sesekali mereka berbincang serius, sesekali tertawa lepas. Jokowi, Ganjar, dan Prabowo juga mengabadikan kebersamaan mereka hari itu. Ketiganya berswafoto bareng para petani yang sedang memanen padi. Ganjar dan Prabowo merupakan dua tokoh yang selalu masuk jajaran teratas survei capres. Dua nama itu juga sering mendapat dukungan atau endorse politik dari Jokowi. Sang Presiden beberapa kali memperkenalkan Prabowo sebagai capres 2024. ""Kelihatannya setelah ini jatahnya Pak Prabowo,"" ungkap Jokowi pada peringatan ulang tahun Perindo di Jakarta, Senin, 7 November 2022. Sementara itu, Ganjar belum pernah secara langsung didorong Jokowi untuk menjadi capres. Namun, Jokowi beberapa kali membuat kode dukungan yangidentik dengan Ganjar. ""Dari penampilan kelihatan, banyak kerutan karena mikirin rakyat, ada yang rambutnya putih semua, ada itu. Kalau wajah cling dan tak ada kerutan di wajah, hati-hati. Lihat rambutnya, kalau putih semua, ini mikirin rakyat,"" tutur Jokowi di Stadion Gelora Bung Karno (GBK), Jakarta, Sabtu, 26 November 2022. Kebersamaan Prabowo dan Ganjar mendampingi Jokowi dimaknai beragam oleh berbagai pihak. Wakil Ketua Umum Partai Gerindra Habiburokhman menilai momen itu menunjukkan kenyamanan Jokowi terhadap Ganjar dan Prabowo. Meski demikian, Habiburokhman enggan menyimpulkan momen itu sebagai restu Jokowi terhadap pasangan Prabowo-Ganjar. Menurutnya, persoalancapres-cawapres masih akan dibahas di internal koalisi Gerindra dengan PKB. ""Soal capres dan cawapres dari KKIR menjadi kewenangan Pak Prabowo dan Pak Muhaimin. Tapi terlepas dari hitung-hitungan kontestasi, situasi politik harus dibuat terus kondusif seperti di foto itu,"" ucap Habib. Terpisah, Ketua DPP PDI Perjuangan Said Abdullah menilai kebersamaan Prabowo, Ganjar, dan Jokowi sebagai cermin kerja pemerintahan. Dia melihat hal itu sebagai upaya menyukseskan kemandirian pangan. Ia menolak mengaitkan kejadian itu dengan Pilpres. Hal itu sejalan dengan sikap PDIP yang menahan bicara capres-cawapres hingga restu Ketua Umum PDIP Megawati Soekarnoputri turun. ""Jadi kami tidak mau berpikiran lebih jauh menyangkut soal Pilpres 2024,"" ungkapnya. Adapun pihak istana menegaskan pertemuan tiga tokoh itu sebagai bagian dari kerja pemerintah. Deputi Bidang Protokol, Pers, dan Media Sekretariat Presiden Bey Machmudin berkata Jokowi hendak memberikan arahan kepada Prabowk tentang ketahanan pangan, salah satu kebijakan yang berkaitan dengan Kemenhan. Lembaga survei Charta Politika pernah memotret potensi duet Ganjar dengan Prabowo pada survei 8-16 Desember 2022. Pasangan itu menjadi favorit dalam empat simulasi. Pasangan Ganjar-Prabowo memiliki elektabilitas 45,3 persen. Pasangan itu mengalahkan Anies Baswedan-Ridwan Kamil yang memiliki elektabilitas 32,6 persen. Dalam tiga simulasi lainnya, Ganjar dipasangkan dengan Ridwan Kamil, Erick Thohir, dan Airlangga Hartarto. Namun, elektabilitas pasangan-pasangan itu tak sampai 36 persen. Adapun Prabowo dipasangkan dengan Khofifah Indar Parawansa dan Muhaimin Iskandar dalam tiga simulasi lainnya. Elektabilitas pasangan-pasangan ini tak bisa menembus angka 24 persen. Hal serupa juga dipotret survei Political Statistics (Polstat) pada Februari 2023. Survei itu melakukan simulasi pilpres dengan tiga pasangan, yaitu Prabowo-Ganjar, Anies-AHY, dan Airlangga Erick Thohir. Prabowo-Ganjar punya elektabilitas 44,3 persen, sedangkan Anies-AHY 27,9 persen. Adapun Airlangga-Erick memiliki elektabilitas 25,2 persen. Analis Politik dan Direktur Eksekutif Aljabar Strategic Arifki Chaniago menilai pasangan Prabowo-Ganjar memiliki potensi. Dia menyebut dua tokoh itu bintang dalam survei capres. Meski demikian, ia berkata duet itu tak serta-merta menang bila terwujud dalam pilpres. Arifki beralasan ada kemungkinan basis suara Ganjar dan Prabowo beririsan. ""Jika Prabowo dan Ganjar ini ternyata memiliki pemilih yang sama, maka kesempatan ini tentu dimanfaatkan oleh Koalisi Perubahan atau KIB untuk mendulang suara lebih besar,"" ucap Arifki. Dia berpendapat duet maut Prabowo-Ganjar akan sulit terwujud. Ia melihat potensi adu ego saat menentukan siapa yang duduk di posisi capres dan cawapres. Terlebih lagi, PDIP masih punya kandidat selain Ganjar. Nama Puan Maharani juga masuk bursa capres partai banteng. ""Jika memang pasangan ini bakal direstui oleh Jokowi, tentu tidak mudah dua orang ini menentukan siapa yang bakal menjadi capres dan cawapres,"" ungkapnya.",Prabowo Subianto; Ganjar Pranowo; Jawa Tengah; Presiden Jokowi; Wakil Ketua Umum Partai Gerindra Habiburokhman,"Wacana memasangkan Prabowo Subianto dengan Ganjar Pranowo pada Pilpres 2024 kembali mencuat ke publik usai keduanya mendampingi Presiden Jokowi pada panen raya di Jawa Tengah. Selain itu, ganjar belum pernah secara langsung didorong Jokowi untuk menjadi capres.","Sabtu, 26 November 2022; Senin, 7 November 2022; 8-16 Desember 2022",Jakarta; Jawa Tengah; Desa Lajer; Jokowi,"Deputi Bidang Protokol, Pers, dan Media Sekretariat Presiden Bey Machmudin berkata Jokowi hendak memberikan arahan kepada Prabowk tentang ketahanan pangan, salah satu kebijakan yang berkaitan dengan Kemenhan.","Survei itu melakukan simulasi pilpres dengan tiga pasangan, yaitu Prabowo-Ganjar, Anies-AHY, dan Airlangga Erick Thohir."
4698,simulasi pilpres capres cawapres,Polisi Sita Ratusan Botol Anggur Merah dan Arak Oplosan di Pontianak,2023-04-06 00:20:50,"- Polresta Pontianak mengamankan 62 kantong dan 230 botol minuman keras dalam Operasi Pekat 2023 yang telah digelar selama 15 hari. Hal tersebut disampaikan Kapolres Pontianak, Kombes Pol Adhe Hariadi, pada saat konferensi pers yang digelar pada, Rabu, 5 April 2023. Ia mengatakan, Operasi Pekat Kapuas 2023 tersebut dilakukan dalam rangka penindakan dan penegakan hukum terhadap tindak pidana yang tergolong penyakit masyarakat, untuk cipta kondisi menjelang perayaan Idul Fitri 1444 H di wilayah hukum Polresta Pontianak Polda Kalbar. Sebanyak 15 kasus minuman keras, dengan jumlah barang bukti sebanyak 62 kantong 230 botol, ada yang dioplos, jelas Adhe. Operasi Pekat 2023 ini dimulai sejak 23 Maret hingga 5 April 2023 dengan kekuatan 70 personel. Sedangkan total kasus yang diungkap yakni sebanyak 82 kasus, dengan target operasi 23 kasus dan non target operasi sebanyak 59 kasus. Tak hanya kasus perizinan miras, Polres Pontianak juga mengamankan kasus judi sebanyak 3 kasus, narkotika 7 kasus, prostitusi 17 kasus, premanisme 25 kasus, dan kembang api atau petasan 15 kasus. Jumlah tersangka di sini ada laki-laki sebanyak 83 orang, perempuan 19 orang. Jadi total tersangka ada 102 orang, ungkapnya. Sementara itu, barang bukti yang diamankan di antaranya adalah uang Rp 2,1 juta, handphone 10 unit, alat elektronik 4 unit, miras 62 kantong 230 botol, narkotika 14 klip (6.66 gram), petasan atau kembang api 125 ikat, sajam 4 bilah, kartu remi box 2 set, voucer judi online: voucer 10k, 50k, 25k, 12 lembar voucer slot 88. Dan lain-lain 37 buah (pakaian, jaket, kunci, korek api, bong, buku catatan, bolpoin, kalkulator). Operasi pekat memang ada waktunya, setelah ini kita tetap akan lakukan kegiatan kegiatan rutin yang ditingkatkan, pelaksanaannya sama, tapi kegiatan rutin yang ditingkatkan, tukasnya.",Operasi Pekat Kapuas; Kapolres Pontianak; Kombes Pol Adhe Hariadi; Polresta Pontianak Polda Kalbar; Idul Fitri,"- Polresta Pontianak mengamankan 62 kantong dan 230 botol minuman keras dalam Operasi Pekat 2023 yang telah digelar selama 15 hari. Selain itu, barang bukti yang diamankan di antaranya adalah uang Rp 2,1 juta, handphone 10 unit, alat elektronik 4 unit, miras 62 kantong 230 botol, narkotika 14 klip (6.66 gram).","Rabu, 5 April 2023",hukum Polresta Pontianak,"Ia mengatakan, Operasi Pekat Kapuas 2023 tersebut dilakukan dalam rangka penindakan dan penegakan hukum terhadap tindak pidana yang tergolong penyakit masyarakat, untuk cipta kondisi menjelang perayaan Idul Fitri 1444 H di wilayah hukum Polresta Pontianak Polda Kalbar.","Operasi pekat memang ada waktunya, setelah ini kita tetap akan lakukan kegiatan kegiatan rutin yang ditingkatkan, pelaksanaannya sama, tapi kegiatan rutin yang ditingkatkan, tukasnya."
12953,koalisi partai politik,"Lawan Koalisi Besar, Partai Buruh Bakal Bentuk Koalisi Orang Kecil",2023-04-09 04:30:00,"Presiden Partai Buruh Said Iqbal menyatakan pihaknya bakal membentuk Koalisi Orang Kecil sebagai bentuk perlawanan terhadap Koalisi Kebangsaan alias koalisi besar. Pembentukan Koalisi Besar ini tengah gencar dilakukan oleh Partai Gerindra hingga PAN.Untuk melawan koalisi besar parpol, Partai Buruh akan mengajak partai politik non parlemen dan partai politik baru untuk menggagas koalisi orang kecil demi menghadang sistem demokrasi terpimpin, kata Said Iqbal dalam keterangannya, Ahad, 9 April 2023.Said menerangkan, pembentukan koalisi besar parpol menciderai demokrasi demi mengejar kekuasaan semata. Padahal menurut Said, tidak boleh Indonesia hanya ditentukan oleh sekelompok partai politik yang hanya mengejar kekuasaan, tanpa mempunyai gagasan besar untuk membangun Indonesia menuju negara sejahtera.Selain itu, Said menilai pembentukan koalisi besar partai politik yang ada di Senayan menunjukkan mulai terbentuknya sistem demokrasi terpimpin. Menurut dia, sistem demokrasi terpimpin pada masa lalu sudah terbukti menghancurkan sistem politik, sistem ekonomi, sosial budaya, hukum, dan demokrasi di Indonesia. Hal ini karena kekuasaan terpusat pada sekelompok elite yang seolah-olah bisa mengatur semua kemauan rakyat.Partai Buruh melihat arah politik yang dijalankan oleh koalisi besar parpol membahayakan demokrasi karena semakin membatasi jumlah capres-cawapres yang sudah terbatas akibat presidential threshold, ujar Said.Nantinya koalisi orang kecil yang digagas Partai Buruh bakal melibatkan parpol non parlemen, akademisi, aktivis pergerakan, serikat buruh, serikat petani, mahasiswa, penggiat lingkungan, penggiat hak asasi manusia, aktivis perempuan, dan gerakan sosial lainnya. Koalisi ini bakal ditujukkan melawan hegemoni parpol besar yang merasa paling mengetahui cara membangun Indonesia dan sistem demokrasi yang sehat.Koalisi orang kecil ini akan melawan dengan cara konstitusional yaitu menghapus presidential threshold, parliamentary threshold, dan membatalkan omnibus law UU Cipta Kerja melalui judicial review di Mahkamah Konstitusi, kata Said.Ia menyebut koalisi orang kecil ini bakal dideklarasikan Partai Buruh bersama partai politik lainnya dalam waktu dekat. Koalisi kemudian bakal melakukan judicial review terhadap UU Cipta Kerja, judicial review presidential threshold, serta judicial review parliamentary threshold di MK.Pilihan",Presiden Partai Buruh Said Iqbal; Koalisi Kebangsaan; Koalisi Orang Kecil; Cipta Kerja; Pembentukan Koalisi Besar,Presiden Partai Buruh Said Iqbal menyatakan pihaknya bakal membentuk Koalisi Orang Kecil sebagai bentuk perlawanan terhadap Koalisi Kebangsaan alias koalisi besar.,9 April 2023,Senayan; Indonesia,"Pembentukan Koalisi Besar ini tengah gencar dilakukan oleh Partai Gerindra hingga PAN.Untuk melawan koalisi besar parpol, Partai Buruh akan mengajak partai politik non parlemen dan partai politik baru untuk menggagas koalisi orang kecil demi menghadang sistem demokrasi terpimpin, kata Said Iqbal dalam keterangannya, Ahad, 9 April 2023.","Koalisi kemudian bakal melakukan judicial review terhadap UU Cipta Kerja, judicial review presidential threshold, serta judicial review parliamentary threshold di MK.Pilihan"
731,koalisi partai politik,Zulhas Sebut Koalisi Besar di Bawah Orkestrasi Komando Jokowi,2023-04-08 11:53:14,"Ketua Umum Partai Amanat Nasional ( PAN ) Zulkifli Hasan mengatakan wacana koalisi besar atau koalisi kebangsaan di Pilpres 2024 merupakan orkestrasi Presiden Joko Widodo . Dia mengatakan itu usai berkunjung ke rumah Ketua Umum Partai Gerindra Prabowo Subianto, Jakarta, Sabtu (8/4). ""Perlu kebersamaan kita untuk memajukan negeri ini. Itulah salah satu tentu semuanya di bawah orkestra komando Pak Jokowi,"" ujar Zulhas di Kertanegara, Sabtu (8/4). Zulhas mengatakan PAN siap berkontribusi untuk kemajuan bangsa dengan koalisi yang memiliki kesamaan komitmen. Dia percaya Indonesia punya segala potensi untuk menjadi negara maju dan besar. Ia juga mengaku membicarakan hal tersebut dengan Prabowo. ""Apalagi sekarang sudah masuk tahun politik, 2024 ada pemilu serentak. Negara besar enggak mungkin di urus satu dua. Akan tetapi harus besar juga yang mengurus, yang kita kadang-kadang saya sebut koalisi kebangsaan itu,"" ucapnya. Zulhas mengatakan PAN juga siap menjalin komunikasi dengan partai-partai lainnya. Sementara itu, Sekjen PAN menjelaskan bahwa Presiden Jokowiadalah pembina bagi semua partai politik. Dalam hal ini, Jokowimenghendaki agar partai politik tidak bergejolak dalam menghadapi Pilpres2024 yang bisa mengganggu stabilitas serta perekonomian. Meski begitu, Eddy mengatakan bukan berarti Jokowimendikte langkah-langkah partai politik. ""Partai-partai politik, dalam hal ini ketua-ketua umum parpol memiliki independensi untukbisa menentukan arah perjuangan partainya ke depan,"" kata Eddy. Gerindra dan PAN sebenarnya berada dalam koalisi yang berbeda. Gerindra sudah membentuk koalisi bersama PKB untuk menghadapi Pilpres 2024. Sementara PAN sudah berada satu payung dengan Golkar dan PPP. Mereka telah membentuk Koalisi Perubahan. Akan tetapi, dua koalisi partai itu sama-sama belum menentukan capres dan cawapres yang akan diusung. Wacana pembentukan koalisi besar lalu tercetus saat petinggi-petinggi partai politik bertemu di kantor DPP PAN beberapa waktu lalu. Presiden Jokowi pun hadir di sana. Ketum Partai Gerindra Prabowo Subianto menyebut dasar pembentukan koalisi besar karena memiliki tujuan yang sama, yakni meneruskan kebijakan Jokowi. ""Kita merasa ada frekuensi yang sama ya, ada kecocokan dan kalau dilihat pimpinan partai kita sudah masuk, Pak Cak Imin ya, kita sudah masuk timnya Pak Jokowi,"" ucap Prabowo.",Presiden Joko Widodo; Ketua Umum Partai Amanat Nasional; Presiden Jokowiadalah; Zulkifli Hasan; Ketua Umum Partai Gerindra Prabowo,"Ketua Umum Partai Amanat Nasional ( PAN ) Zulkifli Hasan mengatakan wacana koalisi besar atau koalisi kebangsaan di Pilpres 2024 merupakan orkestrasi Presiden Joko Widodo . Selain itu, sekjen PAN menjelaskan bahwa Presiden Jokowiadalah pembina bagi semua partai politik.",Sabtu (8/4),Jakarta; Pilpres; Kertanegara; Indonesia,"Ketum Partai Gerindra Prabowo Subianto menyebut dasar pembentukan koalisi besar karena memiliki tujuan yang sama, yakni meneruskan kebijakan Jokowi.","Meski begitu, Eddy mengatakan bukan berarti Jokowimendikte langkah-langkah partai politik."
10598,kampanye pemilu,"Hati-hati, Bulan Ramadhan Rentan Disusupi Agenda Politik Terselubung",2023-03-17 11:54:24,"Ramadhan 2023 tinggal menghitung hari. Biasanya, ada saja orang-orang politik yang memanfaatkan momen ini untuk kampanye terselubung. Ketika bertemu momentum puasa, ini menjadi faktor penguat ada proses untuk terlibat politik yaitu dengan pola-pola yang sifatnya keagamaan, kata Pengamat pemilu dari CM (Cak Masykur) Management, Masykurudin Hafidz, dalam acara diskusi dengan tema Puasa Memberantas Pelanggaran Pemilu secara virtual, pada Jumat (17/3). Karena di dalam proses puasa itu ada anjuran-anjuran yang kalau dilakukan itu mendapat pahala yang berlipat, misal zakat, shodaqoh, memberi hidangan buka puasa, sambungnya. Masykur menilai, pada momentum-momentum seperti bulan puasa ini menjadi potensi terjadinya kerawanan pelanggaran Pemilu. Yakni politik terselubung atau politik uang masuk. Itu yang kami sebut peserta akan melakukan kampanye di luar masa kampanye dengan narasi-narasi keagamaan yang kuat. Ada banyak aktor politik yang menyebut bahkan narasi keagamaan jadi basis politiknya, ungkapnya. Lebih jauh, Masykur juga meminta agar Bawaslu sebagai badan pengawas lebih peka terhadap modus-modus kampanye di luar jadwal seharusnya. Hal ini bisa saja digunakan oleh segelintir oknum peserta Pemilu. Tindakan ini bila dibiarkan, maka orang yang diuntungkan adalah orang yang memiliki dana besar. Di situlah mulainya ketidakadilan, ucap mantan Kornas Jaringan Pendidikan Pemilih untuk Rakyat (JPPR) ini. Bawaslu harus melakukan penindakan, bukan dibiarkan. Tetap harus diproses, karena jelas, orang yang berkampanye di luar masa kampanye harus ditindak, tandas dia.",Puasa Memberantas Pelanggaran Pemilu; Kornas Jaringan Pendidikan Pemilih; Cak Masykur; Masykurudin Hafidz,Ramadhan 2023 tinggal menghitung hari.,Jumat (17/3),Tidak disebutkan dalam artikel,"Karena di dalam proses puasa itu ada anjuran-anjuran yang kalau dilakukan itu mendapat pahala yang berlipat, misal zakat, shodaqoh, memberi hidangan buka puasa, sambungnya.","Biasanya, ada saja orang-orang politik yang memanfaatkan momen ini untuk kampanye terselubung."
12140,kampanye pemilu,"Masuki Bulan Ramadhan, Bawaslu Kecam Kampanye Berkedok Sedekah",2023-03-18 09:08:06,"Anggota Badan Pengawasan Pemilihan Umum (Bawaslu) RI, Lolly Suhenty memperkirakan akan banyak terjadi pelanggaran Pemilu pada Bulan Ramadhan. Salah satunya adalah kampanye berkedok sedekah. Pihaknya, kata Lolly, tidak pernah melarang seseorang untuk berbagi kebaikan di bulan ramadhan. Namun, tindakan tersebut tidak dibenarkan jika dibarengi dengan kampanye terselubung.",Anggota Badan Pengawasan Pemilihan; Lolly Suhenty; Bulan Ramadhan,"Anggota Badan Pengawasan Pemilihan Umum (Bawaslu) RI, Lolly Suhenty memperkirakan akan banyak terjadi pelanggaran Pemilu pada Bulan Ramadhan.",18 Maret 2023,Tidak disebutkan dalam artikel,"Pihaknya, kata Lolly, tidak pernah melarang seseorang untuk berbagi kebaikan di bulan ramadhan.","Namun, tindakan tersebut tidak dibenarkan jika dibarengi dengan kampanye terselubung."
1791,survei elektabilitas capres,"Elektabilitas Capres Hasil Temuan Survei Indikator: Ganjar Stagnan, Prabowo Naik, Anies Turun",2023-03-27 01:15:00,"Lembaga survei Indikator Politik Indonesia melakukan survei pada Februari dan Maret terhadap responden yang berusia 17 tahun ke atas. Survei dilakukan menggunakan multistage random sampling.Pada survei Februari, terdapat 1.200 responden yang diwawancarai. Margin of error survei ini diklaim 2,9 persen dengan tingkat kepercayaan 95 persen. Sementara, survei bulan Maret dilakukan terhadap 800 responden dengan margin of error 3,5 persen.Indikator menggelar survei dengan beberapa simulasi, yaitu 34 nama calon, 19 nama calon, 10 nama calon dan 3 nama calon. Dalam semua simulasi itu, elektabilitas Ganjar Pranowo masih menempati posisi pertama, Prabowo Subianto di posisi kedua dan berhasil menyaingi Anies Baswedan yang kini ada di posisi ketiga.Elektabilitas Ganjar Teratas, tapi StagnanSurvei Indikator Politik Indonesia kembali menempatkan Gubernur Jawa Tengah Ganjar Pranowo memiliki elektabilitas tertinggi survei calon presiden 2024. Berdasarkan survei terbaru Indikator itu, Elektabilitas Ganjar berada di nomor wahid mengalahkan Menteri Pertahanan Prabowo Subianto dan mantan Gubernur DKI Jakarta Anies Baswedan.Peringkat pertama masih Ganjar, kata Direktur Eksekutif Indikator Politik Indonesia Burhanuddin Muhtadi, Ahad, 26 Maret 2023.Burhanuddin mengatakan Ganjar konsisten menempati posisi teratas dalam beragam simulasi survei yang digelar oleh Indikator pada Maret 2023. Dalam simulasi 34 nama calon, Ganjar mendapatkan 30,8 persen suara. Dalam simulasi 19 nama calon, Ganjar masih posisi teratas dengan 30,8 persen suara.Sementara dalam simulasi 10 capres, Ganjar juga masih di posisi satu dengan 30,7 persen suara. Begitupun dalam skenario 3 calon presiden, lagi-lagi Ganjar unggul dengan 36,8 persen suara. Pak Prabowo di posisi kedua, disusul Anies Baswedan, kata Burhanuddin.Kendati Ganjar selalu berada di posisi teratas, Burhanuddin berkata perolehan suara Ganjar relatif stagnan alias tidak bertambah atau berkurang secara signifikan dalam beberapa kali survei Indikator. Semisal dalam skenario 10 nama calon, elektabilitas Ganjar hanya bergerak di sekitar angka 30 persen saja. Pada survei Desember tahun lalu, ganjar memperoleh 31,3 persen suara, pada Februari suara Ganjar di angka 30,6 persen dan dalam survei terbaru Ganjar memperoleh 30,7 persen suara.Polanya sama, Ganjar stagnan, kata dia.Menurut Burhanuddin, stagnasi yang dialami Ganjar ini berbeda dengan pesaing terdekatnya, yakni Prabowo dan Anies Baswedan yang fluktuatif.Elektabilitas Prabowo Naik secara SignifikanIndikator mencatat kenaikan elektabilitas Ketua Umum Partai Gerindra Prabowo Subianto dalam beberapa waktu terakhir. Indikator menyebut elektabilitas Menteri Pertahanan itu malahan sudah sedikit menyalip mantan Gubernur DKI Jakarta Anies Baswedan.Dia mengatakan elektabilitas Prabowo mengalami kenaikan yang signifikan. Pada survei bulan Februari 2023, Ketua Umum Partai Gerindra itu baru mendapatkan 17,2 persen suara. Namun, pada survei Maret 2023 elektabilitasnya melejit menjadi 21,7 persen suara.Secara mengejutkan Pak Prabowo rebound dalam beberapa bulan terakhir dan elektabilitasnya sekarang menyalip sedikit atau kurang lebih sama dengan Anies Baswedan, kata Burhanuddin.Dalam simulasi 34 nama, Ganjar menempati posisi pertama dengan 30,8 persen suara. Prabowo berada di posisi kedua dengan 23 persen suara dan Anies di posisi ketiga dengan 21,7 persen suara. Untuk simulasi 19 nama, Ganjar kembali menduduki posisi pertama dengan 30,8 persen suara. Prabowo di posisi kedua dengan 22,3 persen suara dan Anies 21,3 persen.Begitupun dalam simulasi 10 nama posisi tersebut tidak berubah. Prabowo mendapatkan 22,5 persen suara dan Anies 22 persen suara. Terakhir dalam simulasi 3 nama, posisi tersebut juga tak tergoyahkan. Ganjar mendapatkan 36,8 persen, Prabowo 27 persen, dan Anies 26,8 persen.Sempat Unggul, Elektabilitas Anies TurunIndikator mendapati elektabilitas bakal calon presiden Anies Baswedan mengalami penurunan dalam beberapa bulan terakhir ini. Elektabilitas mantan Gubernur DKI Jakarta itu bahkan disalip oleh Menteri Pertahanan Prabowo Subianto.Elektabilitas Anies Baswedan mengalami tren penurunan, kata Burhanuddin.Burhanuddin menuturkan tren penurunan elektabilitas Anies itu nampak dalam beberapa hasil survei yang dihelat lembaganya. Burhanuddin menuturkan tren penurunan elektabilitas Anies itu nampak dalam beberapa hasil survei yang dihelat lembaganya.Indikator melakukan survei berdasarkan simulasi 34 nama capres. Dalam model simulasi itu, Anies sebenarnya sempat mendapatkan momentum dengan deklarasi yang telah dilakukan oleh Partai Nasdem, Demokrat dan PKS. Karena deklarasi itu, elektabilitas Anies melejit dari 18,6 persen pada September 2022 menjadi 23,6 persen suara pada November 2022.Namun, tren menurun terus terjadi pada survei selanjutnya, semisal pada survei bulan Desember 2022 elektabilitas Anies menurun sedikit menjadi 22,8 persen. Elektabilitas ini kembali naik tipis pada survei Februari 2023 menjadi 23 persen, akan tetapi anjlok pada survei terbaru bulan Maret 2023, menjadi 21,7 persen suara.Burhanuddin berkata, penurunan elektabilitas Anies ini konsisten terjadi dalam simulasi survei 19 nama capres, 10 nama capres, dan 3 nama capres. Berdasarkan survei bulan Maret 2023 terhadap 800 responden, Anies kini berada di posisi ketiga di bawah Ganjar Pranowo yang berada di peringkat wahid dan Prabowo di peringkat kedua.Penyebab Fluktuatif Masih Dicari TahuBurhanuddin memprediksi fluktuasi perolehan suara dari tiga nama kandidat teratas, yakni Ganjar, Prabowo dan Anies masih akan terjadi hingga beberapa bulan ke depan. Menurut dia, persaingan ketiga calon ini masih ketat dan tidak ada yang mendominasi.Burhanuddin mengatakan lembaganya masih mencari tahu penyebab elektabilitas para calon yang masih sangat fluktuatif ini. Dia mengatakan pengamatan terhadap perilaku pemilih masih terus dilakukan. Dia memprediksi lonjakan dan penyurutan suara pemilih masih akan terus terjadi ke depan. Sebab, kata dia, belum ada calon yang benar-benar unggul di peringkat ketiga teratas antara Ganjar, Prabowo dan Anies Baswedan.Suasana ketidakpastian ini mungkin akan terus kita dapatkan sampai bulan September 2023 saat pendaftaran nama capres dan cawapres, kata dia.M ROSSENO AJI",Menteri Pertahanan Prabowo Subianto; Elektabilitas Anies Baswedan; Gubernur Jawa Tengah Ganjar Pranowo; Ketua Umum Partai Gerindra Prabowo; Direktur Eksekutif Indikator Politik Indonesia,Lembaga survei Indikator Politik Indonesia melakukan survei pada Februari dan Maret terhadap responden yang berusia 17 tahun ke atas.,26 Maret 2023,DKI Jakarta; Jawa Tengah; Indonesia,"Karena deklarasi itu, elektabilitas Anies melejit dari 18,6 persen pada September 2022 menjadi 23,6 persen suara pada November 2022.",Survei dilakukan menggunakan multistage random sampling.
10967,survei elektabilitas capres,Mudik Pakai Mobil Listrik? Simak Imbauan dari Dirut PLN,2023-04-05 05:49:50,"JAKARTA Mau mudik pakai mobil listrik ? simak dulu imbauan dari Direktur Utama PT PLN (Persero) Darmawan Prasodjo. Dia menghimbau beberapa hal kepada para pemudik yang hendak menggunakan mobil listrik. ""Kami memberi pesan bagi pemudik terutama yang menggunakan mobil listrik monggo disiapkan mobilnya, monggo juga dipetakan Stasiun Pengisian Kendaraan Listrik Umum (SPKLU) nya ada di mana, sehingga sudah direncanakan di mana akan mengisi daya. Karena kan bergantung pada kemampuan jarak tempuh masing-masing mobil listrik tersebut. InsyaAllah akan berjalan dengan lancar,"" ujarnya dalam agenda Apel Siaga Kelistrikan Idul Fitri 1444H yang digelar di Halaman Plaza Terbuka PLN Kantor Pusat, Jakarta, Rabu (5/4/2023). Darmawan menuturkan, hingga saat ini sebaran SPKLU telah mencapai 616 di 237 Lokasi di Indonesia dan terletak pada rest area jalan tol di jalur mudik yakni di sembilan titik di Tol Trans Jawa, dan enam titik di Tol Trans Sumatra. ""Lokasinya ada di sebagian di kantor PLN ada juga di mall, ada juga di perbankan, ada di rest area jadi di berbagai lokasi. Nah kami punya aplikasi PLN Mobile di dalamnya ada charge kalau para pemudik yang menggunakan mobil listrik untuk menggunakan charge in bisa di cari lokasi SPKLU yang terdekat, yang kemudian dalam rute perjalanannya nanti bisa mampir apabila memang dibutuhkan untuk charge,"" terangnya. Lebih lanjut, Darmawan mengungkapkan, ke depan pihaknya akan mengembangkan pola bisnis dengan melalui skema waralaba atau franchise bagi masyarakat yang ingin berbisnis stasiun pengisian kendaraan listrik umum. Hal itu lantaran ia mengakui bahwa PLN tidak memiliki lokasi yang strategis untuk SPKLU seperti pusat perbelanjaan (mall), perbankan, kedai kopi maupun restoran cepat saji.",Direktur Utama; Darmawan Prasodjo; Stasiun Pengisian Kendaraan Listrik; Halaman Plaza Terbuka; Kantor Pusat,"JAKARTA Mau mudik pakai mobil listrik ?. Selain itu, darmawan mengungkapkan, ke depan pihaknya akan mengembangkan pola bisnis dengan melalui skema waralaba atau franchise bagi masyarakat yang ingin berbisnis stasiun pengisian kendaraan listrik umum.",Rabu (5/4/2023),Jakarta; Direktur Utama; Halaman Plaza Terbuka; Tol Trans Jawa,"""Kami memberi pesan bagi pemudik terutama yang menggunakan mobil listrik monggo disiapkan mobilnya, monggo juga dipetakan Stasiun Pengisian Kendaraan Listrik Umum (SPKLU) nya ada di mana, sehingga sudah direncanakan di mana akan mengisi daya.",Dia menghimbau beberapa hal kepada para pemudik yang hendak menggunakan mobil listrik.
12823,korupsi KPK,Rumah Tersangka Korupsi Tukin di Kementerian ESDM Digeledah KPK,2023-03-28 10:54:07,"Komisi Pemberantasan Korupsi (KPK) menggeledah satu unit rumah di Depok. Penggeledahan itu dilakukan terkait penyidikan kasus dugaan korupsi tunjangan kinerja (tukin) pegawai, di Kementerian Energi dan Sumber Daya Mineral (ESDM) tahun anggaran 2020-2022. Yang kami konfirmasi di Depok, di rumah salah satu tersangka di Depok, kata Kepala Bagian Pemberitaan KPK Ali Fikri di Jakarta, dikutip dari Antara Selasa (28/3). Penyidik KPK pada Senin (27/3) juga menggeledah dua lokasi terkait penyidikan kasus tersebut yakni kantor Ditjen Mineral dan Batu Bara (Minerba) Kementerian ESDM di Tebet, Jakarta Selatan, dan kantor Kementerian ESDM di Jalan Medan Merdeka Selatan, Jakarta Pusat. Ali mengatakan Penyidik KPK telah menetapkan tersangka dalam kasus dugaan korupsi tersebut dan menyebut tersangka lebih dari satu orang. Potensi kerugian yang ditimbulkan dalam kasus dugaan korupsi tukin tersebut diperkirakan mencapai puluhan miliar rupiah. Meski demikian, KPK belum bersedia mengumumkan siapa saja para pihak yang ditetapkan tersangka. Ali mengatakan daftar tersangka, uraian konstruksi dugaan pidana, dan pasal yang disangkakan akan kami sampaikan kepada publik setelah pengumpulan alat bukti oleh tim penyidik dinilai lengkap. KPK berharap semua pihak yang dipanggil, baik sebagai tersangka dan saksi bersikap kooperatif untuk hadir dan memberikan keterangan dengan jujur terkait kasus tersebut. Pada kesempatan terpisah, Menteri Energi dan Sumber Daya Mineral (ESDM) Arifin Tasrif juga buka suara soal kasus tersebut dan menyebut dugaan korupsi tunjangan kinerja (tukin) pegawai di kementeriannya terindikasi melibatkan sejumlah orang. Indikasi kurang lebih ya beberapa oranglah, kata Arifin kepada awak media di lingkungan Istana Kepresidenan, Jakarta, Selasa. Kendati demikian, Arifin tak mengungkapkan lebih lanjut berapa jumlah pasti orang yang terindikasi terlibat dugaan korupsi yang sedang disidik Komisi Pemberantasan Korupsi (KPK) tersebut.",Komisi Pemberantasan Korupsi; Menteri Energi; Sumber Daya Mineral; Kepala Bagian Pemberitaan; Kementerian Energi,"Komisi Pemberantasan Korupsi (KPK) menggeledah satu unit rumah di Depok. Selain itu, kendati demikian, Arifin tak mengungkapkan lebih lanjut berapa jumlah pasti orang yang terindikasi terlibat dugaan korupsi yang sedang disidik Komisi Pemberantasan Korupsi (KPK) tersebut.",Selasa (28/3); Senin (27/3),Depok; Jakarta Selatan; Batu; Jakarta Pusat,"Meski demikian, KPK belum bersedia mengumumkan siapa saja para pihak yang ditetapkan tersangka.","Penyidik KPK pada Senin (27/3) juga menggeledah dua lokasi terkait penyidikan kasus tersebut yakni kantor Ditjen Mineral dan Batu Bara (Minerba) Kementerian ESDM di Tebet, Jakarta Selatan, dan kantor Kementerian ESDM di Jalan Medan Merdeka Selatan, Jakarta Pusat."
11255,korupsi KPK,"Datangi KPK, Ketua DPRD DKI Dukung KPK Usut Korupsi Pengadaan Tanah di Pulogebang",2023-04-10 21:06:11,"Ketua DPRD DKI Jakarta, Prasetyo Edi Marsudi mengaku berkomitmen mendukung Komisi Pemberantasan Korupsi (KPK) dalam mengusut kasus dugaan korupsi pengadaan tanah di Kelurahan Pulogebang, Kecamatan Cakung, Jakarta Timur periode 2018-2019. Atas dasar itulah, pria yang kerap disapa Pras itu mendatangi kantor KPK untuk memberikan keterangan dan membantu KPK mengusut kasus korupsi tersebut. Komitmen saya mendukung sepenuhnya kerja-kerja yang dilakukan oleh Komisi Pemberantasan Korupsi (KPK) adalah dengan selalu kooperatif apabila @official.kpk membutuhkan data untuk memberantas kasus korupsi di Jakarta, memberikan keterangan apapun itu jika diperlukan, kata Pras dalam akun Instagramnya @prasetyoedimarsudi, Senin (10/4/2023). Dengan hadirnya ke KPK, Pras berharap pengusutan kasus korupsi bisa segera menemukan titik terang. Semoga keterangan yang saya berikan dapat membantu penyidik dan membuat terang permasalahan ini, harapnya. Sebelumnya, KPK sempat melakukan penggeledahan di kantor DPRD DKI Jakarta beberapa waktu yang lalu. Kabag Pemberitaan KPK Ali Fikri menjelaskan bahwa penggeledahan terkait dugaan kasus korupsi pengadaan tanah di Pulogebang, Cakung, Jakarta Timur tahun 2018-2019. ""Benar ada kegiatan penggeledahan dimaksud terkait pengumpulan alat bukti dugaan korupsi pengadaan tanah di Pulogebang,"" kata Kabag Pemberitaan KPK, Ali Fikri saat dikonfirmasi, Selasa (17/1/2023).",Komisi Pemberantasan Korupsi; Jakarta Timur; Prasetyo Edi Marsudi; Kelurahan Pulogebang; Kecamatan Cakung,"Ketua DPRD DKI Jakarta, Prasetyo Edi Marsudi mengaku berkomitmen mendukung Komisi Pemberantasan Korupsi (KPK) dalam mengusut kasus dugaan korupsi pengadaan tanah di Kelurahan Pulogebang, Kecamatan Cakung, Jakarta Timur periode 2018-2019. Selain itu, KPK sempat melakukan penggeledahan di kantor DPRD DKI Jakarta beberapa waktu yang lalu.",Selasa (17/1/2023); Senin (10/4/2023),Jakarta Timur; DKI Jakarta; Kelurahan Pulogebang,"Komitmen saya mendukung sepenuhnya kerja-kerja yang dilakukan oleh Komisi Pemberantasan Korupsi (KPK) adalah dengan selalu kooperatif apabila @official.kpk membutuhkan data untuk memberantas kasus korupsi di Jakarta, memberikan keterangan apapun itu jika diperlukan, kata Pras dalam akun Instagramnya @prasetyoedimarsudi, Senin (10/4/2023).","Atas dasar itulah, pria yang kerap disapa Pras itu mendatangi kantor KPK untuk memberikan keterangan dan membantu KPK mengusut kasus korupsi tersebut."
7134,rafael alun pajak,"Faisal Basri: Rasio Pajak Indonesia Rendah, Kasus Rafael Alun Ikut Berpengaruh",2023-03-29 02:05:15,"Ekonom senior Institute for Development of Economics and Finance (Indef) Faisal Basri mengatakan kasus pejabat Direktorat Jenderal Pajak (Dirjen Pajak) Kementerian Keuangan, Rafael Alun Trisambodo, berdampak kepada tax ratio atau rasio pajak di Indonesia. Menurut dia, kasus pamer kekayaan dan adanya kekayaan janggal Rafael Alun menyebabkan rasio pajak Indonesia semakin rendah.Salah satunya gara-gara si Rafael Alun ini. Harusnya uang masuk ke penerimaan negara, ternyata masuk ke kantong sendiri. Dan itu tidak mungkin Rafael Alun melakukan sendiri. Itu berjamaah, ujar dia dalam diskusi virtual Indef pada Selasa, 28 Maret 2023.Rasio pajak adalah perbandingan atau persentase penerimaan pajak terhadap produk domestik bruto atau PDB. Saat ini rasio pajak Indonesia termasuk nomor buncit di dunia. Indonesia berada di nomor 134 dari 143 negara.Secara umum, pengaruh dari kasus Rafael Alun Trisambodo itu bisa terlihat nanti pada 31 Maret 2023, batas akhir periode pelaporan Surat Pemberitahuan (SPT) Tahunan pajak.Diskusi virtual yang digelar Indef merespons beberapa isu yang terjadi saat ini. Beberapa di antaranya adalah maraknya pejabat pamer harta serta kemungkinan adanya pembangkangan sipil untuk membayar pajak.Menurut Faisal Basri meski banyak orang yang memprotes perilaku pamer harta para pejabat Dirjen Pajak namun masyarakat tetap akan membayar pajak. Hal tersebut karena pemerintah memiliki sistem yang bisa memaksa warga untuk membayar pajak. Segala transaksi atau pembayaran barang dan jasa sudah secara otomatis dikenai pajak.Kita beli rumah, beli properti, ada pajak final. Uang kita di bank dapat bunga, ada pajak final juga. Semua kena pajak. Jadi kemampuan kita untuk menghindar bayar pajak itu rendah, ucap Faisal.Faisal Basri juga menyorot kinerja Dirjen Pajak yang tidak prima. Menurut dia, kemampuan pemerintah untuk menghimpun pajak kian hari kian turun. Sepanjang tahun di era Presiden Jokowi (Joko Widodo), hanya satu tahun pada 2021 karena ada tax amnesty. Saat ada tax amnesty, pendapatan pajak naik, tapi setelah itu turun lagi. Tahun ini tax ratio akan turun lagi, tutur dia.",Rafael Alun Trisambodo; Dirjen Pajak; Direktorat Jenderal Pajak; Presiden Jokowi; Menurut Faisal Basri,"Ekonom senior Institute for Development of Economics and Finance (Indef) Faisal Basri mengatakan kasus pejabat Direktorat Jenderal Pajak (Dirjen Pajak) Kementerian Keuangan, Rafael Alun Trisambodo, berdampak kepada tax ratio atau rasio pajak di Indonesia.","Selasa, 28 Maret 2023; 31 Maret 2023",Indonesia,"Menurut dia, kasus pamer kekayaan dan adanya kekayaan janggal Rafael Alun menyebabkan rasio pajak Indonesia semakin rendah.",Diskusi virtual yang digelar Indef merespons beberapa isu yang terjadi saat ini.
11731,rafael alun pajak,"KPK Periksa Rafael Alun, Konfirmasi Dokumen yang Disita soal Gratifikasi Pajak",2023-04-11 03:39:37,"Trisambodo menjalani pemeriksaan perdana sebagai tersangka dugaan penerimaan gratifikasi perpajakan untuk periode 2011-2023. Ia diperiksa tim penyidik di Gedung Merah Putih kemarin, Senin (10/4). Plt juru bicara KPK, Ali Fikri, mengatakan, pada pemeriksaan itu Rafael Alun dikonfirmasi mengenai dokumen yang telah disita penyidik. Dokumen yang menjadi barang bukti dalam kasus pajak Rafael Alun tersebut. ""Diperiksa terkait pengetahuan tersangka mengenai barang bukti beberapa dokumen yang menguatkan pembuktian perkara dimaksud,"" kata Ali dalam keterangan tertulisnya, Selasa (11/4). Ali menambahkan, bukti dokumen dimaksud telah dilakukan penyitaan oleh tim penyidik KPK dan masih akan dikonfirmasi kepada beberapa saksi lainnya. Dalam kasusnya, Rafael Alun Trisambodo dijerat sebagai tersangka gratifikasi yang nilainya hingga puluhan miliar rupiah. Saat ini, ia sudah ditahan KPK. Kasus gratifikasi ini diduga terkait dengan jabatan Rafael Alun sebagai pegawai pajak. Pada 2005, Rafael Alun resmi diangkat sebagai Penyidik Pegawai Negeri Sipil (PPNS). Kewenangannya termasuk melakukan penelitian dan pemeriksaan atas temuan perpajakan dari wajib pajak yang tidak sesuai dengan ketentuan. Pada tahun 2011, Rafael Alun diangkat dalam jabatan selaku Kepala Bidang Pemeriksaan, Penyidikan dan Penagihan Pajak pada Kantor Wilayah Dirjen Pajak Jawa Timur I. Dengan jabatannya itu, Rafael Alun diduga menerima gratifikasi dari beberapa wajib pajak dengan disertai pengondisian berbagai temuan pemeriksaan perpajakannya. Diduga, Rafael Alun menerima gratifikasi dari wajib pajak. Nilainya hingga USD 90 ribu atau sekitar Rp 1.347.804.000. Dalam penyidikannya, KPK turut menemukan safe deposit box yang diduga milik Rafael Alun. Di dalamnya, terdapat uang Rp 32,2 miliar. Sumber uang tersebut masih didalami oleh penyidik. Atas perbuatannya diduga menerima gratifikasi, Rafael Alun dijerat Pasal 12 B UU Tipikor.",Rafael Alun Trisambodo; Kepala Bidang Pemeriksaan; Gedung Merah Putih; Penyidik Pegawai Negeri Sipil; Penagihan Pajak,Trisambodo menjalani pemeriksaan perdana sebagai tersangka dugaan penerimaan gratifikasi perpajakan untuk periode 2011-2023.,Selasa (11/4); Senin (10/4),Jawa Timur; Gedung Merah Putih; Dirjen Pajak Jawa,Kasus gratifikasi ini diduga terkait dengan jabatan Rafael Alun sebagai pegawai pajak.,"Dengan jabatannya itu, Rafael Alun diduga menerima gratifikasi dari beberapa wajib pajak dengan disertai pengondisian berbagai temuan pemeriksaan perpajakannya."
11860,kasus pencucian uang,Begini Penjelasan Mahfud MD soal Transaksi Rp 300 Triliun di Kemenkeu yang Diduga TPPU,2023-03-11 02:01:55,"Menteri Koordinator Bidang Politik, Hukum, dan Keamanan, Mahfud MD menyebut transaksi janggal di Kementerian Keuangan senilai Rp 300 triliun bukan korupsi namun dugaan tindak pidana pencucian uang. Ia menyebut transaksi tersebut melibatkan 467 pegawai di Kemenkeu sejak 2009-2023.""Bukan korupsi, (tapi) pencucian uang. Pencucian uang itu lebih besar dari korupsi, tapi tidakngambiluang negara,"" kata Mahfud dalam jumpa pers yang disiarkan kanal YouTube resmi Kemenkopolhukam, Jumat 10 Maret 2023.Mahfud juga mengoreksi anggapan yang beredar di masyarakat bahwa temuan transaksi mencurigakan di Kemenkeu sebesar Rp300 triliun tersebut merupakan hasil penyelewengan uang pajak.""Apalagi dipikirngambiluang pajak, itundak, bukan itu. Mungkin ngambil uang pajaknya sedikit, nanti akan diselidiki,"" ujarnya.Tujuh kasus dengan dugaan TPPU Rp 60 triliunKendati demikian, Mahfud menyatakan pihaknya telah mengambil sampel tujuh dari 197 kasus yang dilaporkan. Setelah dihitung ditemukan dari tujuh kasus tersebut sudah menimbulkan dugaan TPPU sebesar Rp60 triliun.Mahfud mencontohkan dalam kasus Rafael Alun Trisambodo yang ditemukan Pusat Pelaporan dan Analisis Transaksi Keuangan. Dia mengatakan bahwa pegawai itu melaporkan harta kekayaannya ke Komisi Pemberantasan Korupsi atau KPK senilai Rp 56 miliar. Namun, dia menilai itu mengagetkan karena pegawai tersebut berasal dari eselon III.Kemudian, Mahfud bertanya kepada PPATK, apakah ada dugaan TPPU. Kemudian, PPATK mengungkap surat yang dilayangkan 2013 bahwa memang ada indikasi pencucian uang.Sesudah itu, PPATK meneliti kembali dan ternyata ditemukan transaksi janggal Rp 500 miliar dengan dugaan mengarah pada tindak pidana pencucian uang. Adapun dugaan korupsinya mungkin lebih kecil.Berdasakan ilmu intelejen keuangan, kata Mahfud, bisa ditelusuri ke kekayaannya hingga rekening keluarganya.Di belakang dia anaknya punya rekening berapa, punya perusahaan berapa, uangnya dari mana, istrinya kekayaannya berapa kok sampai punya 6 perusahaan dan macam-macam, ucap Mahfud.Sayangnya, lanjut Mahfud, selama ini konstruksi penanganan TPPU tidak banyak dilakukan.""Hanya ada satu, dua, tiga lah orang yang dihukum karena pencucian uang, padahal itu jauh lebih besar dari korupsi,"" katanya.Soal temuan dugaan pencucian uang ini, kata Mahfud, sudah dibicarakan dengan Kemenkeu. Pasalnya, ada semangat yang sama terkait pemberantasan korupsi.""Saya dan Menkeu itu sangat dekat punya semangat yang sama, kalau tidak bisa dibilang sama persis, hampir sama semangat memberantas korupsi itu,"" ucap Mahfud.Rp 7,08 triliun berhasil dikembalikan ke negaraDi sisi lain, dalam pertemuan tersebut perwakilan dari Kemenkeu juga telah menyampaikan kementerian itu telah berhasil mengembalikan Rp7,08 triliun atas dugaan korupsi.""Korupsi itu terkait dengan anggaran negara yang dicuri. Oleh Kementerian Keuangan sudah berhasil dikembalikan Rp7,08 triliun, nah yang pencucian uangnya yang 300-an (triliun) tadi akan kita tindaklanjuti,"" ujar Mahfud.Respon KemenkeuSementara itu, Wamenkeu Suahasil Nazara menyatakan bahwa Kemenkeu berkomitmen penuh untuk bekerja sama dalam pengusutan dugaan TPPU di tubuh lembaganya tersebut.""Kita akan membuka penuh kerja sama kalau ada upaya mengejar tindak pidana pencucian uang ini. Kalau perlu kita lakukan lagi pemeriksaan-pemeriksaan perpajakan maupun kepabeanan, bukan hanya kepada individu pegawai, tetapi kepada seluruh wajib pajak dan wajib bayar seluruh Indonesia,"" katanya.Pilihan",Menteri Koordinator Bidang Politik; Oleh Kementerian Keuangan; Rafael Alun Trisambodo; Pusat Pelaporan; Analisis Transaksi Keuangan,"Menteri Koordinator Bidang Politik, Hukum, dan Keamanan, Mahfud MD menyebut transaksi janggal di Kementerian Keuangan senilai Rp 300 triliun bukan korupsi namun dugaan tindak pidana pencucian uang. Selain itu, dugaan korupsinya mungkin lebih kecil.",Jumat 10 Maret 2023,Indonesia,"Sayangnya, lanjut Mahfud, selama ini konstruksi penanganan TPPU tidak banyak dilakukan.""Hanya ada satu, dua, tiga lah orang yang dihukum karena pencucian uang, padahal itu jauh lebih besar dari korupsi,"" katanya.","Rp 7,08 triliun berhasil dikembalikan ke negaraDi sisi lain, dalam pertemuan tersebut perwakilan dari Kemenkeu juga telah menyampaikan kementerian itu telah berhasil mengembalikan Rp7,08 triliun atas dugaan korupsi.""Korupsi itu terkait dengan anggaran negara yang dicuri."
7521,kasus pencucian uang,Mahfud Akui Banyak Transaksi Janggal di Kementerian Lain,2023-03-11 08:00:45,"Menko Polhukam Mahfud MD mengaku memiliki data kasus pencucian uang di banyak kementerian/lembaga (K/L) laindi luar Kementerian Keuangan. ""Bahwa di kementerian lain kita punya data.Tapi ini ada semua uang-uangyangdenganorang-orang dekat Andadan seterusnya,"" ujar dia, dalam konferensi pers bersama Menteri Keuangan Sri Mulyani, di Jakarta, Sabtu (11/3). Hal itu dikatakannya terkait kasus dugaan pencucian uang pejabat pajakdan bea cukai senilaihingga Rp300 triliun. ""Dan saya juga terus melangkah, saya ingatkan K/L yang kayak begini banyak,"" lanjut Mahfud. Dia mencontohkan dengan modus pembuatan perusahaan cangkangyang menjadi penghimpun uang. Uang itu, menurut Mahfud, bisa berasal dari gratifikasi ""kecil-kecilan""yang ada di hampir tiap proyek. ""Menurut saya di berbagai institusihampir tiap proyek ada pencucian uangnya. Taro gratifikasi kecil-kecilan,tapi disetorkan keluarga, perusahaan, dan anaknya. Menurut ilmu intelejen keuanganitu harus diperiksa,"" ucap mantan Ketua Mahkamah Konstitusi (MK) ini. Terkait kasus dugaan pencucian uang Rp300 triliun di Kementerian Keuangan, Mahfudmenyatakan itu pada dasarnya bukantanggung jawab Menteri terkait. ""Itu bukan kewajiban seorang Menteri.Tapi itu urusan APH(aparat penegak hukum).Tapi bisa diantisipasi dari sini (kementerian),"" jelasnya. ""Menteri ndak sanggup jangkau ke situ. Makanya ada APH. Nanti kita kerjain,"" lanjut dia. Ia menyindir kasus pejabat pajak Rafael Alun Sambodoyang memiliki sekitar Rp500 miliar, dengan Rp37 miliar di antaranya ada di sebuah loker. ""Itu kan pencucian uang. Kita tegakkan ini. Mari kita cari jalan ke depan. kalau sudah jalan pembenahan di Kemenkeu,"" cetus dia, ""Pencucian uang ini terbiarkan. Makanya kita mulai. Tak adayang perlu dihentikan."" Sebelumnya, MahfudMD mengatakan ada transaksi mencurigakan Rp300 triliun di lingkungan pegawai Kementerian Keuanganberdasarkan laporan dari PPATK. Mahfudmenyebut transaksi janggal itu melibatkan 460 pegawai Kementerian Keuangan. Paling banyak berada di lingkungan Ditjen Pajak dan Ditjen Bea Cukai. Menurutnya, temuan itu berdasarkan pada 160 laporan yang dilayangkan sepanjang 2009 hingga 2023. Mahfudmengatakan uang janggal yang beredar itu bukan hasil korupsi, melainkan pencucian uang. ""Tidak benar kalau isu berkembang kalau di Kemenkeu ada korupsi Rp300 triliun. Bukan korupsi, pencucian uang,"" kata Mahfud dalam konferensi pers di kantor Kemenko Polhukam, Jakarta, Jumat (10/3).",Kementerian Keuangan; Menko Polhukam Mahfud; Menteri Keuangan Sri Mulyani; Ketua Mahkamah Konstitusi; Rafael Alun Sambodoyang,Menko Polhukam Mahfud MD mengaku memiliki data kasus pencucian uang di banyak kementerian/lembaga (K/L) laindi luar Kementerian Keuangan.,Sabtu (11/3); Jumat (10/3),Jakarta,Kita tegakkan ini.,Dia mencontohkan dengan modus pembuatan perusahaan cangkangyang menjadi penghimpun uang.
13492,operasi tangkap tangan,KPK Akui Ada Kontribusi Brigjen Endar dalam OTT Bupati Meranti,2023-04-07 19:35:44,"Wakil Ketua Komisi Pemberantasan Korupsi ( KPK ) Alexander Marwata mengungkapkan penangkapan Bupati Kepulauan Meranti Muhammad Adil merupakan operasi tangkap tangan (OTT) pertama di 2023, dan tidak terlepas dari kontribusi Brigjen Endar Priantoro . Dalam konferensi pers pada Jumat (7/4) malam, Alexander mengungkapkan OTT tersebut sudah direncanakan dalam waktu yang cukup lama, mungkin lebih dari satu bulan atau beberapa bulan sejak masa kerja Brigjen Endar di KPK. ""Kemudian terkait OTT pertama (di2023), saya yakin kegiatan tangkap tangan yang kami lakukan ini prosesnya sudah lama. Sprin lidiknya sendiri tidak tahu tapi saya yakin proses lidiknya sudah lebih dari satu bulan atau berapa bulan, berarti apa? Proses lidiknya itu sudah sejak dari zamannya Pak Endar tentu saja, tentu ini menjadi kontribusi yang bersangkutan di dalam proses tangkap tangan ini,"" kata Alexander. Ia menepis spekulasi bahwa penangkapan dilakukan setelah Brigjen Endar dicopot sebagai Direktur Penyelidikan KPK. Menurutnya, penangkapan itu dilakukan setelah penyidik KPK memiliki cukup bukti, dan tidak ada hubungannya dengan berakhirnya tugas Brigjen Endar di KPK. ""Jadi tidak benar, seolah-olah dengan yang bersangkutan sudah selesai di KPK kemudian kita tangkap tangan, oh tidak, ini murni karena kecukupan alat bukti dan keyakinan dari tim ketika memutuskan untuk melakukan angkap tangan itu, baru dilakukan kemarin, jadi tidak ada hubungannya dengan berakhirnya tugas Pak Endar di KPK,"" katanya. Sebelumnya, Bupati Kepulauan Meranti Muhammad Adil terjaring OTT KPK di pada Kamis (6/4) malam. Selain Bupati, KPK juga menangkap sejumlah orang dalam operasi tangkap tangan ini, mulai dari pejabat strategis di pemerintahan Kepulauan Meranti dan pihak swasta. Muhammad Adil kemudian ditetapkan sebagai tersangka tindak pidana korupsi. Ada tiga dugaan korupsi yang dilakukan oleh Adil, yaitu pemotongan anggaran, gratifikasi jasa umrah, dan suap auditor BPK Riau.",Brigjen Endar Priantoro; Bupati Kepulauan Meranti Muhammad Adil; Wakil Ketua Komisi Pemberantasan Korupsi; Alexander Marwata; Selain Bupati,"Wakil Ketua Komisi Pemberantasan Korupsi ( KPK ) Alexander Marwata mengungkapkan penangkapan Bupati Kepulauan Meranti Muhammad Adil merupakan operasi tangkap tangan (OTT) pertama di 2023, dan tidak terlepas dari kontribusi Brigjen Endar Priantoro . Selain itu, bupati Kepulauan Meranti Muhammad Adil terjaring OTT KPK di pada Kamis (6/4) malam.",Jumat (7/4); Kamis (6/4),Riau,"""Jadi tidak benar, seolah-olah dengan yang bersangkutan sudah selesai di KPK kemudian kita tangkap tangan, oh tidak, ini murni karena kecukupan alat bukti dan keyakinan dari tim ketika memutuskan untuk melakukan angkap tangan itu, baru dilakukan kemarin, jadi tidak ada hubungannya dengan berakhirnya tugas Pak Endar di KPK,"" katanya.","Menurutnya, penangkapan itu dilakukan setelah penyidik KPK memiliki cukup bukti, dan tidak ada hubungannya dengan berakhirnya tugas Brigjen Endar di KPK."
3873,operasi tangkap tangan,"OTT Bupati Meranti, Eks Penyidik KPK Sebut Ada Campur Tangan Endar Priantoro",2023-04-07 08:04:33,"Mantan penyidik Komisi Pemberantasan Korupsi (KPK) Yudi Purnomo Harahap mengatakan suksesnya operasi tangkap tangan terhadap Bupati Meranti Muhammad Adil tak lepas dari peran Direktur Penyelidikan Brigadir Jenderal Endar Priantoro yang saat ini dicopot oleh Ketua KPK Firli Bahuri. Yudi yang berpengalaman dalam berbagai operasi tangkap tangan menilai operasi kali ini membuktikan kapasitas Endar.OTT Bupati Meranti bukti bahwa Endar sebenarnya layak menjadi Direktur Penyelidikan, kata Yudi lewat pesan teks, Jumat, 7 April 2023.KPK menangkap Muhammad Adil serta 24 orang lainnya dalam OTT yang digelar pada Kamis, 6 April 2023. Dia diduga terlibat dalam kasus suap penyediaan jasa umrah serta pemotongan anggaran daerah sebesar 5 sampai 10 persen. Saat ini KPK masih melakukan pemeriksaan untuk menentukan status hukum orang-orang yang ditangkap tersebut.Surat perintah penyelidikan masih ditandatangani Endar PriantoroOTT ini bermula dari penyelidikan yang dilakukan oleh KPK. Penyelidikan dilakukan berdasarkan Surat Perintah Penyelidikan Sprin.Lidik-04/Lid.01.00/01/01/2023 tanggal 16 Januari 2023. Saat surat perintah itu terbit, Endar masih menjabat sebagai Direktur Penyelidikan KPK.KPK secara resmi memberhentikan Endar Priantoro dengan hormat pada 1 April 2023. Pencopotan ini tetap dilakukan kendati Kapolri Jenderal Listyo Sigit Prabowo telah mengirimkan surat perpanjangan penugasan Endar di KPK pada 29 Maret 2023. Sebagian pihak menduga pencopotan Endar ini terjadi lantaran sikapnya yang menolak memaksakan menaikkan penanganan kasus Formula E ke penyidikan karena dianggap kurang bukti.Yudi Purnomo mengatakan mengapresiasi kerja penyelidik yang tetap menuntaskan kasus ini kendati tengah terjadi konflik internal di KPK. Dia menduga penyelidik ingin menunjukkan kepada pimpinan bahwa Endar memiliki kompetensi dalam menjalankan tugasnya.Buktinya kasus yang ketika itu dipimpin Endar ini tuntas dengan OTT terhadap Bupati Meranti. Ini sekaligus tambahan bukti prestasi tidak terbantahkan Endar selaku Direktur Penyelidikan, kata dia.Peran Endar sangat sentral dalam operasi tangkap tanganMantan Ketua Wadah Pegawai KPK ini berujar peran Direktur Penyelidikan sangat sentral dalam mengarahkan dan melakukan manajemen terhadap satuan tugas penyelidikan yang sedang bekerja di lapangan maupun kantor KPK.Dia menuturkan persiapan melakukan operasi tangkap tangan seperti yang dilakukan terhadap Bupati Meranti ini butuh waktu panjang mulai dari minggu hingga berbulan-bulan. Jadi kesuksesan OTT Bupati Meranti oleh Penyelidik KPK ini tidak lepas dari Peran Endar yang kini dicopot jabatannya oleh pimpinan KPK, ujar dia.",Bupati Meranti Muhammad Adil; Direktur Penyelidikan Brigadir Jenderal Endar; Endar Priantoro; Yudi Purnomo Harahap; Firli Bahuri,Mantan penyidik Komisi Pemberantasan Korupsi (KPK) Yudi Purnomo Harahap mengatakan suksesnya operasi tangkap tangan terhadap Bupati Meranti Muhammad Adil tak lepas dari peran Direktur Penyelidikan Brigadir Jenderal Endar Priantoro yang saat ini dicopot oleh Ketua KPK Firli Bahuri.,"Jumat, 7 April 2023; Kamis, 6 April 2023; 16 Januari 2023",sebesar; Peran Endar,Sebagian pihak menduga pencopotan Endar ini terjadi lantaran sikapnya yang menolak memaksakan menaikkan penanganan kasus Formula E ke penyidikan karena dianggap kurang bukti.,Surat perintah penyelidikan masih ditandatangani Endar PriantoroOTT ini bermula dari penyelidikan yang dilakukan oleh KPK.
13329,sidang tersangka korupsi,"Rintangi Penyidikan Bupati Buru Selatan, Advokat Jadi Tersangka dan Ditahan",2023-03-20 09:49:17,"Komisi Pemberantasan Korupsi ( KPK ) menetapkan Advokat Laurenzius CS Sembiring (LCSS) sebagai tersangka perintangan penyidikan mantan Bupati Buru Selatan, Tagop Sudarsono Soulisa (TSS). Penetapan tersangka ini merupakan pengembangan dari perkara suap Tagop Sudarsono Soulisa. ""Tim penyidik menemukan adanya perbuatan merintangi dan menghalangi baik secara langsung maupun tidak langsung terkait proses penyidikan perkara dimaksud,"" kata Wakil Ketua KPK, Nurul Ghufron di kantornya, Jalan Kuningan Persada, Jakarta Selatan, Senin (20/3/2023). KPK telah menemukan bukti permulaan yang cukup terkait penetapan tersangka Laurenzius CS Sembiring. Salah satu buktinya, yakni fakta hukum yang pernah terungkap di persidangan Tagop Sudarsono Soulisa. ""Diperkuat dengan fakta persidangan dan fakta hukum saat proses persidangan terkait adanya pemberian keterangan palsu didepan persidangan,"" kata Ghufron. ""Berdasarkan hal tersebut dilakukan pengembangan perkara dan meningkatkan statusnya ke tahap penyidikan dengan kembali mengumumkan tersangka LCSS,"" sambungnya. KPK langsung melakukan proses penahanan terhadap Laurenzius CS Sembiring setelah diumumkan sebagai tersangka. Advokat tersebut ditahan untuk 20 hari pertama di Rutan belakang Gedung Merah Putih KPK, Jakarta Selatan.",Tagop Sudarsono Soulisa; Bupati Buru Selatan; Komisi Pemberantasan Korupsi; Advokat Laurenzius; Jakarta Selatan,"Komisi Pemberantasan Korupsi ( KPK ) menetapkan Advokat Laurenzius CS Sembiring (LCSS) sebagai tersangka perintangan penyidikan mantan Bupati Buru Selatan, Tagop Sudarsono Soulisa (TSS).",Senin (20/3/2023),Jakarta Selatan; Kuningan; Rutan,KPK telah menemukan bukti permulaan yang cukup terkait penetapan tersangka Laurenzius CS Sembiring.,"""Tim penyidik menemukan adanya perbuatan merintangi dan menghalangi baik secara langsung maupun tidak langsung terkait proses penyidikan perkara dimaksud,"" kata Wakil Ketua KPK, Nurul Ghufron di kantornya, Jalan Kuningan Persada, Jakarta Selatan, Senin (20/3/2023)."
7327,sidang tersangka korupsi,"Kasus Pemotongan Gaji Capai Puluhan Miliar, KPK Sudah Tetapkan Tersangka Korupsi di Kementerian ESDM",2023-03-27 12:46:36,"Komisi Pemberantasan Korupsi ( KPK ) telah menetapkan tersangka dalam kasus dugaan korupsi di Direktorat Jenderal (Ditjen) Mineral dan Batubara (Minerba) Kementerian ESDM . Kasus dugaan korupsi tersebut merupakan penyidikan baru KPK. ""Kami pastikan sudah ada beberapa pihak yang ditetapkan sebagai tersangka,"" kata Kepala Bagian Pemberitaan KPK Ali Fikri lewat keterangannya, Senin (27/3/2023). Meski demikian, Ali belum mau membeberkan terkait pihak yang sudah ditetapkan sebagai tersangka. Penetapan itu dilakukan KPK setelah menemukan dua alat bukti untuk menjerat pihak yang dapat dimintai pertanggungjawaban. Dipastikan Ali, jumlah yang jadi tersangka lebih dari satu orang. ""Namun demikian, para pihak yang ditetapkan Tersangka, uraian lengkap dugaan pidana yang dilakukan dan pasal yang disangkakan akan kami sampaikan jika pengumpulan alat bukti oleh Tim Penyidik telah tercukupi,"" kata Ali. Kasus ini disebutkan, berkaitan dengan pemotongan tunjangan kinerja di Kementerian ESDM, yang nilainya mencapai puluhan miliar. ""Uangnya kemudian diduga dinikmati oleh para oknum ini yang kemudian penggunaannya juga diduga untuk baik itu ada keperluan pribadi masing-masing, ada pembelian aset,"" kata Ali. ""Kemudian ada juga untuk operasional gitu ya, termasuk dugaannya dalam rangka untuk pemenuhan proses-proses pemeriksaan oleh BPK gitu ya,"" sambungnya. Terbaru pada Senin (27/3) ini, KPK melakukan penggeledahan di lingkungan Kementerian ESDM terkait kasus ini.",Komisi Pemberantasan Korupsi; Direktorat Jenderal; Kepala Bagian Pemberitaan; Ali Fikri; Tim Penyidik,Komisi Pemberantasan Korupsi ( KPK ) telah menetapkan tersangka dalam kasus dugaan korupsi di Direktorat Jenderal (Ditjen) Mineral dan Batubara (Minerba) Kementerian ESDM .,Senin (27/3/2023); Senin (27/3),Direktorat Jenderal; Kementerian,"""Namun demikian, para pihak yang ditetapkan Tersangka, uraian lengkap dugaan pidana yang dilakukan dan pasal yang disangkakan akan kami sampaikan jika pengumpulan alat bukti oleh Tim Penyidik telah tercukupi,"" kata Ali.","Kasus ini disebutkan, berkaitan dengan pemotongan tunjangan kinerja di Kementerian ESDM, yang nilainya mencapai puluhan miliar."
9808,kenaikan harga BBM,"Harga BBM Pertamax Naik Lagi, Ini Daftarnya di Seluruh SPBU",2023-03-30 02:50:01,"PT Pertamina (Persero) kembali menaikan harga BBM non subsidi per 1 Maret 2023. Jenis BBM yang mengalami kenaikan harga diantaranya Pertamax dan Pertamax Turbo . Secara rinci, harga BBM Pertamax untuk wilayah Jabodetabek naik Rp 500 dari Rp 12.800/liter menjadi Rp 13.300/liter. Sedangkan, harga BBM Pertamax Turbo kembali naik Rp 250 dari Rp 14.850/liter menjadi Rp 15.100/liter. Sementara, harga BBM Dexlite untuk wilayah Jabodetabek justru turun Rp 1.200/liter dari Rp 16.150/liter menjadi Rp 14.950/liter. Penurunan diikuti oleh harga BBM Pertamina Dex yang anjlok Rp 1.200 dari Rp 16.850/liter menjadi Rp 15.650/liter ""PT Pertamina (Persero) melakukan penyesuaian harga bahan bakar minyak (BBM) Umum dalam rangka mengimplementasikan Keputusan Menteri (Kepmen) ESDM No. 245.K/MG.01/MEM.M/2022 sebagai perubahan atas Kepmen No. 62 K/12/MEM/2020 tentang Formula Harga Dasar Dalam Perhitungan Harga Jual Eceran Jenis Bahan Bakar Minyak Umum Jenis Bensin dan Minyak Solar yang Disalurkan Melalui Stasiun Pengisian Bahan Bakar Umum,"" tulis Pertamina seperti dikutip, Kamis (30/3/2023). Namun demikian, harga BBM subsidi Pertalite dan Bio Solar tidak berubah yang masing-masing seharga Rp 10.000/liter dan Rp 6.800/liter Berikut daftar harga BBM Pertamina terbaru di SPBU semua Provinsi: Aceh Pertamax Rp 13.300 Pertamax Turbo Rp 15.100 Dexlite Rp 14.950 Pertamina Dex Rp 15.850 Sumatera Utara Pertamax Rp 13.550 Pertamax Turbo Rp 15.400 Dexlite Rp 15.250 Pertamina Dex Rp 16.150 Sumatera Barat Pertamax Rp 13.550 Pertamax Turbo Rp 15.400 Dexlite Rp 15.250 Pertamina Dex Rp 16.150",Pertamax Turbo; Keputusan Menteri; Formula Harga Dasar Dalam; Perhitungan Harga Jual Eceran; Jenis Bahan Bakar Minyak,PT Pertamina (Persero) kembali menaikan harga BBM non subsidi per 1 Maret 2023.,Kamis (30/3/2023); 1 Maret 2023,Aceh; Sumatera Utara; Sumatera Barat; Jabodetabek naik Rp,"Penurunan diikuti oleh harga BBM Pertamina Dex yang anjlok Rp 1.200 dari Rp 16.850/liter menjadi Rp 15.650/liter ""PT Pertamina (Persero) melakukan penyesuaian harga bahan bakar minyak (BBM) Umum dalam rangka mengimplementasikan Keputusan Menteri (Kepmen) ESDM No. 245.","K/MG.01/MEM.M/2022 sebagai perubahan atas Kepmen No. 62 K/12/MEM/2020 tentang Formula Harga Dasar Dalam Perhitungan Harga Jual Eceran Jenis Bahan Bakar Minyak Umum Jenis Bensin dan Minyak Solar yang Disalurkan Melalui Stasiun Pengisian Bahan Bakar Umum,"" tulis Pertamina seperti dikutip, Kamis (30/3/2023)."
10689,kenaikan harga BBM,Harga Pertamax Naik Lagi di Awal Puasa Ramadhan,2023-03-23 05:48:47,"PT Pertamina (Persero) mulai menaikkan harga BBM non subsidinya per 1 Maret 2023. Adapun, jenis BBM yang mengalami kenaikan yaitu Pertamax dan Pertamax Turbo . Seperti dilansir dari situs resmi Pertamina, harga BBM Pertamax untuk wilayah Jabodetabek naik Rp 500 dari Rp 12.800/liter menjadi Rp 13.300/liter. Sedangkan, harga BBM Pertamax Turbo kembali naik Rp 250 dari Rp 14.850/liter menjadi Rp 15.100/liter. Sementara, harga BBM Dexlite untuk wilayah Jabodetabek justru turun Rp 1.200/liter dari Rp 16.150/liter menjadi Rp 14.950/liter. Penurunan diikuti oleh harga BBM Pertamina Dex yang anjlok Rp 1.200 dari Rp 16.850/liter menjadi Rp 15.650/liter ""PT Pertamina (Persero) melakukan penyesuaian harga bahan bakar minyak (BBM) Umum dalam rangka mengimplementasikan Keputusan Menteri (Kepmen) ESDM No. 245.K/MG.01/MEM.M/2022 sebagai perubahan atas Kepmen No. 62 K/12/MEM/2020 tentang Formula Harga Dasar Dalam Perhitungan Harga Jual Eceran Jenis Bahan Bakar Minyak Umum Jenis Bensin dan Minyak Solar yang Disalurkan Melalui Stasiun Pengisian Bahan Bakar Umum,"" tulis Pertamina seperti dikutip, Kamis (23/3/2023). Namun demikian, harga BBM subsidi Pertalite dan Bio Solar tidak berubah yang masing-masing seharga Rp 10.000/liter dan Rp 6.800/liter Adapun, berikut daftar harga BBM Pertamina di SPBU semua Provinsi: Aceh Pertamax Rp 13.300 Pertamax Turbo Rp 15.100 Dexlite Rp 14.950 Pertamina Dex Rp 15.850 Sumatera Utara Pertamax Rp 13.550 Pertamax Turbo Rp 15.400 Dexlite Rp 15.250 Pertamina Dex Rp 16.150 Sumatera Barat Pertamax Rp 13.550 Pertamax Turbo Rp 15.400 Dexlite Rp 15.250 Pertamina Dex Rp 16.150",Pertamax Turbo; Keputusan Menteri; Formula Harga Dasar Dalam; Perhitungan Harga Jual Eceran; Jenis Bahan Bakar Minyak,"PT Pertamina (Persero) mulai menaikkan harga BBM non subsidinya per 1 Maret 2023. Selain itu, namun demikian, harga BBM subsidi Pertalite dan Bio Solar tidak berubah yang masing-masing seharga Rp 10.000/liter dan Rp 6.800/liter Adapun.",Kamis (23/3/2023); 1 Maret 2023,Aceh; Sumatera Utara; Sumatera Barat; Jabodetabek naik Rp,"Namun demikian, harga BBM subsidi Pertalite dan Bio Solar tidak berubah yang masing-masing seharga Rp 10.000/liter dan Rp 6.800/liter Adapun, berikut daftar harga BBM Pertamina di SPBU semua Provinsi: Aceh Pertamax Rp 13.300 Pertamax Turbo Rp 15.100 Dexlite Rp 14.950 Pertamina Dex Rp 15.850 Sumatera Utara Pertamax Rp 13.550 Pertamax Turbo Rp 15.400 Dexlite Rp 15.250 Pertamina Dex Rp 16.150 Sumatera Barat Pertamax Rp 13.550 Pertamax Turbo Rp 15.400 Dexlite Rp 15.250 Pertamina Dex Rp 16.150","K/MG.01/MEM.M/2022 sebagai perubahan atas Kepmen No. 62 K/12/MEM/2020 tentang Formula Harga Dasar Dalam Perhitungan Harga Jual Eceran Jenis Bahan Bakar Minyak Umum Jenis Bensin dan Minyak Solar yang Disalurkan Melalui Stasiun Pengisian Bahan Bakar Umum,"" tulis Pertamina seperti dikutip, Kamis (23/3/2023)."
12448,kolapsnya bank Silicon Valley Bank,"Mengerikan, Kejatuhan Bank-Bank Raksasa AS Bikin Jokowi Takut",2023-03-17 01:25:32,"Kabar sejumlah bank asal Amerika Serikat (AS) yang mengalami kebangkrutan yang hanya dalam waktu singkat membuat Presiden Joko Widodo (Jokowi) terkejut. Ia meminta semua pihak waspada. ""Kita tahu baru sehari dua hari tiga hari lalu hal hal yang tidak terduga muncul ada kebangkrutan bank di AS, Silicon Valley Bank,"" kata Jokowi dalam Pembukaan Business Matching Produk Dalam Negeri di Jakarta, Rabu (15/3/2023) Pasalnya, peristiwa perbankan yang kolaps terjadi beruntun usai pembeeitaan Silicon Valley Bank (SVB) mencuat. ""Semuanya ngeri begitu ada satu bank yang bangkrut muncul lagi dua hari, muncul lagi bank berikutnya yang bangkrut adalah signature bank dan silvergate bank,"" jelasnya. Silicon Valley Bank (SVC). Bank yang dikenal mendanai startup digital resmi dinyatakan kolaps pada Jumat. Bank tersebut kolaps karena gagal mendapatkan suntikan modal dan penarikan dana dari nasabah dan investor. Dahsyatnya, SVB bangkrut hanya 48 jam setelah berencana mengumpulkan dana sebesar US$ 2,25 miliar atau setara Rp 34,75 triliun untuk menambah modal pada Rabu pekan lalu. Signature Bank dan Silvergate Bank, keduanya diketahui merupakan bank utama untuk industri krypto di Negeri Paman Sam. Signature disita pada Minggu malam oleh regulator perbankan sementara Silvergate mengatakan pada hari Rabu pekan lalu bahwa mereka akan menghentikan operasi dan melikuidasi banknya. Kejatuhan kedua bank itu terjadi setelah terjadinya ketidakstabilan di pasar stablecoin. Mulai dari keruntuhan TerraUSD Mei lalu, regulator telah memperhatikan stablecoin dalam beberapa minggu terakhir. Menurut Jokowi, seluruh negara kini tengah menyiapkan antisipasi atas risiko yang dimungkinkan muncul. ""Semua negara sekarang menunggu efek dominonya kemana,"" tegas Jokowi.",Presiden Joko Widodo; Amerika Serikat; Silicon Valley Bank; Pembukaan Business Matching Produk; Dalam Negeri,Kabar sejumlah bank asal Amerika Serikat (AS) yang mengalami kebangkrutan yang hanya dalam waktu singkat membuat Presiden Joko Widodo (Jokowi) terkejut.,Rabu (15/3/2023),Jakarta; Amerika Serikat; Negeri Paman Sam,Bank tersebut kolaps karena gagal mendapatkan suntikan modal dan penarikan dana dari nasabah dan investor.,"Dahsyatnya, SVB bangkrut hanya 48 jam setelah berencana mengumpulkan dana sebesar US$ 2,25 miliar atau setara Rp 34,75 triliun untuk menambah modal pada Rabu pekan lalu."
10072,kolapsnya bank Silicon Valley Bank,"SVB Ambruk Bisa Picu Krisis 2008, Biden Turun Tangan",2023-03-12 08:10:34,"Salah satu bank terbesar di Amerika Serikat (AS) Silicon Valley Bank (SVB) diketahui mengalami kolaps pada Jumat (10/3). SVB kolaps hanya 48 jam setelah berencana mengumpulkan dana untuk menambah modal. Hal ini bisa berdampak panjang mengingat bank yang berdiri pada 1983 ini merupakan pemberi pinjaman utama pada banyak startup. Bahkan, kolapsnya SVB bisa mengembalikan bayang-bayang Krisis Financial Global tahun 2008/2009. Kolapsnya SVB juga menjadi alarm bahaya bagi kebijakan The Fed ke depan. Analis lain mengatakan lonjakan suku bunga The Fed, perlambatan ekonomi, serta ancaman resesi merupakan beberapa penyebab tumbangnya SVB. ""Ada bank kolaps dan ini bisa menjadi kegagalan terbesar sejak 2008. Tentu saja ini akan menghantui pasar,"" tutur Sylvia Jablonski, CEO dan chief investment officer Defiance ETFs, dikutip dari CNBC International. Merespon hal ini, Presiden Amerika Serikat Joe Biden langsung turun tangan dengan berbicara bersama Gubernur California Gavin Newsom pada hari Sabtu (11/3). Pihak gedung putih mengabarkan, dalam perbincangannya, mereka banyak membahas terkait kegagalan Silicon Valley Bank dan upaya untuk mengatasi situasi tersebut. ""Presiden dan Gubernur berbicara tentang Silicon Valley Bank dan upaya untuk mengatasi situasi tersebut,"" kata pernyataan itu tanpa menjelaskan lebih lanjut, dikutip dari reuters , Minggu (12/3/2023). Selain Biden, Menteri Keuangan AS Janet Yellen juga langsung menggelar rapat darurat dengan bank sentral AS The Federal Reserve (The Fed), serta Lembaga Penjamin Simpanan AS, serta Kantor Pengawasan Mata uang. ""Menteri Yellen memberikan kepercayaan penuh untuk pada regulator perbankan untuk mengambil tindakan yang tepat. Menteri Yellen menilai sistem perbankan masih tangguh dan regulator memiliki alat yang efektif untuk mengatasi peristiwa seperti ini,"" tulis pernyataan Departemen Keuangan seperti dikutip dari Reuters. Hingga Kamis (9/3), diketahui penarikan modal dari SVB berpotensi menembus US$ 42 miliar atau Rp 648,69 triliun. Saham SVB juga jatuh lebih dari 60% sehingga membuat otoritas pasar modal melakukan suspensi. Kolapsnya bank SVB menjadi peringatan keras bagi pasar keuangan global. Dampak kolapsnya SVB juga terlihat dari pasar saham. Hitungan Reuters memperkirakan saham-saham perbankan AS merugi US$ 100 miliar dari sisi market value dalam dua hari terakhir. Sementara itu, perbankan Eropa merugi US$ 50 miliar. Analis mengatakan dampak SVB bisa merambat ke sektor perbankan secara keseluruhan bahkan bisnis yang lain. Terlebih, kondisi ekonomi global saat ini belum pulih dari krisis pandemi Covid-19. Suku bunga di tingkat global juga masih sangat tinggi. ""Kemungkinan akan terjadi pertumpahan darah minggu depan karena bank-bank AS akan mengalami masalah. Aksi short selling akan terjadi dan mereka akan menyerang setiap perbankan, khususnya bank-bank kecil,"" tutur Chairman Whalen Global Advisors, dikutip dari Reuters . Seperti diketahui, Krisis Keuangan Global pada 2008/2009 menyeret AS ke dalam jurang resesi terdalam sejak Great Depression periode 1930 an. Krisis keuangan 2008-2009 dipicu oleh kredit macet di sektor properti AS (subprime mortgage) . Krisis tersebut kemudian menumbangkan sejumlah perusahaan seperti Lehman Brothers. Akibat dari krisis tersebut, ekonomi AS terkontraksi 0,34% pada 2008 dan 3,07% pada 2009. Pertumbuhan ekonomi global juga menurun menjadi 2,8% pada 2008 dari 5,42% pada 2007.",Silicon Valley Bank; Menteri Yellen; Presiden Amerika Serikat Joe Biden; Gubernur California Gavin Newsom; Menteri Keuangan,"Salah satu bank terbesar di Amerika Serikat (AS) Silicon Valley Bank (SVB) diketahui mengalami kolaps pada Jumat (10/3). Selain itu, ""Presiden dan Gubernur berbicara tentang Silicon Valley Bank dan upaya untuk mengatasi situasi tersebut,"" kata pernyataan itu tanpa menjelaskan lebih lanjut, dikutip dari reuters , Minggu (12/3/2023).",Minggu (12/3/2023); Jumat (10/3); Sabtu (11/3),Amerika Serikat; Reuters,"Pihak gedung putih mengabarkan, dalam perbincangannya, mereka banyak membahas terkait kegagalan Silicon Valley Bank dan upaya untuk mengatasi situasi tersebut.","Selain Biden, Menteri Keuangan AS Janet Yellen juga langsung menggelar rapat darurat dengan bank sentral AS The Federal Reserve (The Fed), serta Lembaga Penjamin Simpanan AS, serta Kantor Pengawasan Mata uang."
8956,investasi asing Indonesia,"Investasi RI Dikuasai Satu Negara, Bahlil Lahadalia: Hoax di Kalangan Pengusaha",2023-04-06 08:56:47,"Menteri Investasi Bahlil Lahadalia membantah investasi di Indonesia hanya dikuasai oleh satu negara saja. Dia memberkan fakta pendukung bantahannya tersebut. ""Saya kasih data ini, negara mana saja yang jadi investor di Indonesia. Ini supaya tidak ada lagi itu hoax-hoax yang beredar di kalangan pengusaha,"" ujar Bahlil dalam Rapat Koordinasi Pembangunan Pusat 2023 secara virtual di Jakarta, Kamis (6/4/2023). Dia menjelaskan bahwa investasi di Indonesia, sebesar 54% berasal dari penanaman modal asing (PMA) dan 46% berasal dari penanaman modal dalam negeri (PMDN). ""Kita masih membutuhkan investasi asing, tapi pastinya adalah investasi yang berkeadilan,"" ungkap Bahlil. Dari data yang dia tunjukkan, Singapura menjadi negara dengan posisi pertama negara investor. Adapun nilai investasinya di Indonesia mencapai USD13.281 juta per tahun 2022. ""Tapi posisi Singapura ini jangan bikin kita terlena juga. Ini Singapura sebagian orang Indonesia ada di sana, dan Singapura ini jadi hub,"" ucap Bahlil. Maka dari itu, dia meminta kepada Menteri Keuangan (Menkeu), Sri Mulyani Indrawati untuk membangun financial center di Ibu Kota Negara (IKN). Hal ini supaya ketika orang masuk, uang dari luar negeri tidak perlu lagi mampir ke Singapura.",Menteri Investasi Bahlil Lahadalia; Menteri Keuangan; Ini Singapura; Sri Mulyani Indrawati; Ibu Kota Negara,"Menteri Investasi Bahlil Lahadalia membantah investasi di Indonesia hanya dikuasai oleh satu negara saja. Selain itu, nilai investasinya di Indonesia mencapai USD13.281 juta per tahun 2022.",Kamis (6/4/2023),Singapura; Jakarta; Ibu Kota Negara; Indonesia,"Maka dari itu, dia meminta kepada Menteri Keuangan (Menkeu), Sri Mulyani Indrawati untuk membangun financial center di Ibu Kota Negara (IKN).",Dia memberkan fakta pendukung bantahannya tersebut.
8391,investasi asing Indonesia,"Dongkrak Investasi, Pemerintah Harus Konsisten di Hilirisasi",2023-03-23 09:39:17,"Direktur Eksekutif Segara Research Institute, Piter Abdullah mendukung upaya Menteri Investasi/Badan Koordinasi Penanaman Modal (BKPM) Bahlil Lahadalia agar masyarakat tidak ikut terpolarisasi pada sektor investasi khususnya investasi dari pihak asing. Menurut Piter, investasi pada program hilirisasi yang sedang digenjot pemerintah Indonesia membutuhkan dana yang sangat besar dan tidak dapat mengandalkan modal dari dalam negeri. Hilirisasi membutuhkan dana investasi yang sangat besar. Hilirisasi tidak mungkin bisa dilakukan kalau hanya mengandalkan dana dalam negeri, ujar Piter, Rabu (23/3). Piter mengatakan, sikap anti atau sentiment terhadap investasi asing merupakan pemikiran yang sempit yang menghambat kemajuan sebuah bangsa. Anti asing itu adalah pandangan yang sempit dan menghambat kemajuan. Tidak ada satupun negara yang bisa bertransformasi menjadi negara maju tanpa kehadiran modal asing, paparnya. Menurut Piter program hilirisasi sumber daya alam Indonesia harus mendapatkan dukungan, pasalnya tujuan dari dilakukannya program tersebut adalah memberikan nilai tambah, membangun industri yang dapat membuka lapangan kerja serta mensejahterakan kehidupan rakyat. Hilirisasi adalah bentuk kita mensyukuri semua anugerah kekayaan alam kita. Kita harus bisa mengolahnya, mendapatkan value added sebesar-besarnya untuk kesejahteraan rakyat indonesia. Dengan hilirisasi kita membangun industri yang akan membuka lapangan kerja yang sangat luas, jelasnya. Tanpa hilirisasi kita kehilangan begitu banyak kesempatan. Kekayaan alam kita hanya dinikmati oleh segelintir orang, imbuhnya. Oleh sebab itu, Piter menyarankan pemerintah supaya konsisten dengan kebijakan program hilirisasi dan dia berharap jangan berhenti pada saat pemerintahan sekarang saja, namun dapat diteruskan oleh pemimpin selanjutnya. Saran saya sederhana, pemerintah hendaknya konsisten dengan kebijakan ini. Pergantian rezim jangan sampai mengubah arah kebijakan yang sesungguhnya terlambat kita lakukan, ucap Piter. Sebelumnya, Bahlil Lahadalia, mengatakan isu-isu terkait polarisasi di sektor investasi, terutama pada sentimen penguasaan sumber daya alam oleh pihak asing, memang masih kerap mencuat di tengah-tengah masyarakat. Tetapi, Bahlil menatakan bahwa peran investor asing dalam pembangunan di Tanah Air tidak bisa disangkal. Karena menjadi pendukung utama upaya hilirisasi yang saat ini tengah digenjot oleh pemerintah. Bukan saya bela pihak asing, tapi fair saja, kalau kita tidak mau pihak asing masuk, maka kita akan menjadi negara yang lambat dalam proses hilirisasi, kata Bahlil dalam diskusi hasil rilis survei nasional bertajuk Polarisasi Politik di Indonesia: Mitos atau Fakta?. Bahlil yang juga mantan Ketua Umum HIPMI itu menambahkan, peran investor asing itu diperlukan untuk mengisi kekosongan pemerintah, yang tidak bisa menggunakan APBN untuk menggenjot hilirisasi dan membangun industri-industri tersebut. Pemerintah itu tugasnya membangun regulasi, ujarnya. Sementara itu, dalam hal ketersediaan lapangan kerja yang hadir dari adanya investasi asing tersebut, diakui Bahlil benar-benar membantu terciptanya peluang kerja yang lebih banyak. Jika itu dibanding yang bisa diciptakan oleh pemerintah sendiri. Karena, dari 7 juta lapangan pekerjaan eksisting, angkatan kerja Indonesia per tahunnya bisa mencapai 2,9 juta orang tenaga kerja. Apalagi, pasca COVID-19 telah terjadi juga PHK antara 5-6 juta tenaga kerja. Jadi kalau cuma mengharapkan pemerintah membuka lapangan pekerjaan melalui penerimaan PNS, Polri, TNI, BUMN, kita itu tidak lebih dari satu juta lapangan kerja per tahun. Dari pertambahan angkatan kerja per tahun yang 2,9 juta saja kita defisit 1,9 juta. Lalu kalau kita tidak buka diri melalui investasi asing, mau dari mana buka lapangan pekerjaan? kata Bahlil. Saya jadi takut kalau kita berpikirnya sangat sempit, suatu saat kampus ini akan menjadi pabrik pengangguran intelektual, dan itu akan menjadi masalah baru bagi bangsa, tukas Bahlil.",Direktur Eksekutif Segara Research Institute; Menteri Investasi; Bahlil Lahadalia; Piter Abdullah; Badan Koordinasi Penanaman Modal,"Direktur Eksekutif Segara Research Institute, Piter Abdullah mendukung upaya Menteri Investasi/Badan Koordinasi Penanaman Modal (BKPM) Bahlil Lahadalia agar masyarakat tidak ikut terpolarisasi pada sektor investasi khususnya investasi dari pihak asing. Selain itu, bahlil Lahadalia, mengatakan isu-isu terkait polarisasi di sektor investasi, terutama pada sentimen penguasaan sumber daya alam oleh pihak asing.",Rabu (23/3),Tanah Air; Indonesia,Karena menjadi pendukung utama upaya hilirisasi yang saat ini tengah digenjot oleh pemerintah.,"Bahlil yang juga mantan Ketua Umum HIPMI itu menambahkan, peran investor asing itu diperlukan untuk mengisi kekosongan pemerintah, yang tidak bisa menggunakan APBN untuk menggenjot hilirisasi dan membangun industri-industri tersebut."
13991,pendapatan perusahaan kuartal,"Bukalapak Balikkan Rugi Jadi Laba Bersih Rp 1,97 Triliun di 2022",2023-03-28 08:33:30,"PT .com Tbk (BUKA) mengumumkan kinerja keuangan untuk kuartal keempat yang berakhir pada 31 Desember 2022. Perseroan mencatat bersih senilai Rp 1,97 triliun pada tahun 2022, atau meningkat sebesar 218 persen dari rugi bersih senilai Rp 1,67 triliun pada tahun 2021. Laba bersih ini ditopang dari bersih yang melonjak 93 persen, dari Rp 1,86 triliun pada tahun 2021 menjadi Rp 3,61 triliun pada tahun 2022. Pendapatan Bukalapak pada kuartal IV 2022 tumbuh sebesar 97 persen menjadi Rp 1,02 triliun. Mengutip keterangan resmi BUKA, Selasa (28/3), pendapatan mitra pada kuartal IV 2022 meningkat sebesar 63 persen menjadi Rp 522 miliar (YoY), sedangkan pendapatan mitra pada 2022 tumbuh sebesar 141 persen YoY menjadi Rp 1,96 triliun. Kontribusi mitra Bukalapak terhadap pendapatan perseroan menunjukkan peningkatan dari 44 persen pada tahun buku yang berakhir 31 Desember 2021 menjadi 54 persen pada tahun 2022. Mitra Bukalapak terus menghasilkan pertumbuhan yang baik, di mana TPV Mitra pada kuartal IV 2022 bertambah sebesar 17 persen menjadi Rp 19, triliun YoY dan pada tahun buku yang berakhir 31 Desember 2022 tumbuh sebesar 31 persen menjadi Rp 73,6 triliun YoY. Pertumbuhan mitra ini terus didukung oleh berkembangnya variasi produk dan jasa yang ditawarkan oleh Bukalapak kepada para mitra. Pada akhir bulan Desember 2022, jumlah mitra yang telah terdaftar mencapai 16,1 juta, meningkat dari 11,8 juta pada akhir Desember 2021. Perseroan memiliki komitmen untuk fokus pada strategi agar dapat mencapai pertumbuhan yang kuat dan berkelanjutan, diiringi dengan pengelolaan beban yang baik. Pada periode tahun 2022, rasio beban umum dan administrasi (tidak termasuk kompensasi berbasis saham) terhadap TPV membaik menjadi 0,9 persen dibandingkan dengan 1,1 persen pada tahun sebelumnya. Margin kontribusi Bukalapak, yang dihitung sebagai laba kotor dikurangi beban penjualan dan pemasaran terhadap TPV, menunjukkan peningkatan dari minus 0,1 persen pada kuartal keempat tahun 2021 menjadi 0,2 persen terhadap TPV di kuartal IV 2022. Manajemen perseroan berhasil membukukan pertumbuhan margin kontribusi positif di kuartal ini. Margin kontribusi marketplace Bukalapak terhadap TPV marketplace meningkat dari 0,3 persen di kuartal IV 2021 menjadi 0,6 persen di kuartal IV 2022, sementara margin kontribusi mitra terhadap TPV Mitra membaik dari minus 0,5 persen di kuartal IV 2021 menjadi minus 0,3 persen di kuartal IV 2022. Bukalapak membukukan ( EBITDA) sebesar minus Rp 235 miliar pada kuartal IV 2022, di mana rasio EBITDA terhadap TPV menunjukkan peningkatan dari minus 1,1 persen di kuartal IV 2021 menjadi minus 0,6 persen di kuartal IV 2022. Selanjutnya, Bukalapak membukukan laba operasional senilai Rp 1,76 triliun pada tahun 2022, atau mengalami peningkatan sebesar 203 persen dari rugi operasional senilai Rp 1,709 triliun pada tahun 2021, terutama disebabkan oleh laba nilai investasi dari PT Allo Bank Tbk. Meskipun Bukalapak telah mencatat laba bersih pada tahun 2022, perseroan tetap memiliki fokus pada kinerja operasional perseroan. Oleh karena itu, manajemen perseroan tetap menggunakan EBITDA sebagai indikator kinerja perseroan. Dengan peningkatan efisiensi yang diiringi oleh pertumbuhan yang kuat, Bukalapak juga memiliki permodalan yang kuat dengan posisi kas perseroan, termasuk dengan investasi lancar seperti obligasi pemerintah dan reksadana sebesar Rp 20,3 triliun pada akhir kuartal IV 2022. Dengan rata-rata pendapatan bunga per kuartal dan meningkatnya EBITDA per kuartal, Bukalapak memiliki untuk lebih dari 50 tahun.",Pendapatan Bukalapak; Mitra Bukalapak; Meskipun Bukalapak,"PT .com Tbk (BUKA) mengumumkan kinerja keuangan untuk kuartal keempat yang berakhir pada 31 Desember 2022. Selain itu, pada periode tahun 2022, rasio beban umum dan administrasi (tidak termasuk kompensasi berbasis saham) terhadap TPV membaik menjadi 0,9 persen dibandingkan dengan 1,1 persen pada tahun sebelumnya.",31 Desember 2022; 31 Desember 2021; Selasa (28/3),Tidak disebutkan dalam artikel,"Selanjutnya, Bukalapak membukukan laba operasional senilai Rp 1,76 triliun pada tahun 2022, atau mengalami peningkatan sebesar 203 persen dari rugi operasional senilai Rp 1,709 triliun pada tahun 2021, terutama disebabkan oleh laba nilai investasi dari PT Allo Bank Tbk.","Dengan peningkatan efisiensi yang diiringi oleh pertumbuhan yang kuat, Bukalapak juga memiliki permodalan yang kuat dengan posisi kas perseroan, termasuk dengan investasi lancar seperti obligasi pemerintah dan reksadana sebesar Rp 20,3 triliun pada akhir kuartal IV 2022."
6196,pendapatan perusahaan kuartal,"Kas GOTO Rp 29 T, Sinyal Arus Kas Positif?",2023-03-20 11:31:58,"Emiten teknologi eks startup raksasa RI, GoTo Gojek Tokopedia (GOTO), mencatatkan kerugian bersih Rp 40,4 triliun sepanjang tahun 2022 atau naik 56% dari capaian setahun sebelumnya dengan kerugian senilai Rp 25,9 triliun. Meski demikian, emiten hasil merger dua unicorn raksasa RI ini juga mencatatkan perbaikan kinerja signifikan dari sisi topline sepanjang tahun 2022. Pendapatan bersih perusahaan tercatat naik menjadi Rp 11,3 triliun atau naik 120% secara tahunan (yoy) dari posisi tahun 2021 sebesar Rp 5,2 triliun. Perbaikan tersebut ditopang oleh kinerja fantastis di tiga bulan terakhir, di mana sepanjang kuartal keempat (Oktober hingga Desember) 2022, pendapatan bersih konsolidasi GOTO melonjak nyaris 200% menjadi Rp 3,4 triliun dibanding periode yang sama tahun sebelumnya. Sementara itu, berdasarkan sektor bisnis, GOTO Finansial mencatatkan pertumbuhan bruto tertinggi, naik 43% menjadi Rp 1,7 triliun tahun lalu. Sementara itu segmen e-commerce dan on demand pendapatan brutonya masing-masing naik 38% dan 32% menjadi Rp 8,6 triliun dan Rp 13,6 triliun. Perusahaan juga melaporkan perbaikan kinerja dengan EBITDA yang disesuaikan dalam tiga bulan terakhir (kuartal IV-2022) meningkat 52% dibandingkan tahun sebelumnya dan 15% dibandingkan kuartal sebelumnya (Kuartal III-2022) menjadi negatif (-) Rp 3,1 triliun. Aset perusahaan pada akhir tahun lalu tercatat turun menjadi Rp 139,2 triliun dari semula Rp 155,1 triliun tahun 2021. Goodwill masih tercatat sebagai komponen dengan kontribusi terbesar dalam aset yang dimiliki oleh GOTO. Akhir tahun lalu goodwill GOTO tercatat turun menjadi Rp 82,8 triliun dengan porsi setara nyaris 60% total aset perusahaan. Ekuitas perusahaan pada akhir Desember 2022 juga tercatat turun menjadi Rp 122,7 triliun dari semula Rp 139 triliun pada tahun 2021. KasTebal, Rp 29 Triliun Meski masih mengalami kerugian, GOTO memiliki ketersediaan kas yang kuat. Ini tercermin dari posisi kas yang sebesar Rp 29 triliun. Dengan nilai sebesar itu, GOTO yang memiliki ekosistem digital jumbo ini dinilai cukup untuk meraih EBITDA Disesuaikan (Adjusted EBITDA) yang positif pada akhir tahun 2023 dan mencapai kemandirian secara permodalan (financial freedom). Rilis perseroan mengenai paparan kinerja indikatif menyebut selain posisi kas sebesar Rp29 triliun, Perseroan juga memiliki fasilitas kredit sebesar Rp4,65 triliun. Sebesar Rp1,5 triliun dari total fasilitas kredit tersebut telah digunakan. peran likuiditas menjadi semakin penting. Era suku bunga tinggi yang dimulai tahun lalu telah meningkatkan risiko likuiditas bagi korporasi, terutama bagi perusahaan yang sangat bergantung pada pendanaan dari investor,"" ungkapnya melalui riset yang dipublikasikan pada akhir pekan kemarin. Sejauh mana perseroan mampu mendanai operasionalnya hingga mampu meraih keuntungan saat likuiditas di pasar mengering, kata Andrew, menjadi salah satu kunci fundamental dan daya tarik bagi investor. GOTO sendiri dinilai Andrew dalam situasi positif. Selain karena posisi kas yang solid, tentu saja karena keberhasilan menekan biaya promosi dan marketing serta biaya operasional sementara pada saat yang sama tetap mampu mencatatkan pertumbuhan pendapatan. Selama periode sampai dengan kuartal ketiga 2022 saja, Andrew memaparkan, GOTO telah mengimplementasikan penghematan baik yang terkait maupun tidak terkait dengan biaya personel sebesar lebih dari Rp1,1 triliun atau setara dengan penghematan 14%. ""Cash burn (bakar uang) bulanannya juga turun dari Rp1,6 triliun di kuartal pertama 2022 menjadi Rp1,3 triliun di kuartal ketiga 2022,"" terusnya. Hasilnya, EBITDA Disesuaikan GOTO semakin membaik. Meningkat dari minus 4,6% terhadap GTV pada kuartal keempat 2021 menjadi minus 2,3% dari GTV pada kuartal ketiga 2022. Adapun potensi kenaikan opex pada kuartal keempat 2022 terjadi karena biaya sekali bayar sebagai imbas dari kompensasi bagi mereka yang terdampak kebijakan pengurangan karyawan. Peran likuiditas menjadi semakin penting. Era suku bunga tinggi yang dimulai tahun lalu telah meningkatkan risiko likuiditas bagi korporasi, terutama bagi perusahaan yang sangat bergantung pada pendanaan dari investor. Sehingga, sejauh mana perseroan mampu mendanai operasionalnya hingga mampu meraih keuntungan saat likuiditas di pasar mengering, menjadi salah satu kunci fundamental dan daya tarik bagi investor. GOTO juga mampu menekan biaya promosi dan marketing serta biaya operasional sementara pada saat yang sama tetap mampu mencatatkan pertumbuhan pendapatan. Kurangi Bakar Uang Selama periode sampai dengan kuartal ketiga 2022 saja, GOTO telah mengimplementasikan penghematan baik yang terkait maupun tidak terkait dengan biaya personel sebesar lebih dari Rp1,1 triliun atau setara dengan penghematan 14%. Cash burn (bakar uang) bulanannya juga turun dari Rp1,6 triliun di kuartal pertama 2022 menjadi Rp1,3 triliun di kuartal ketiga 2022. Hasilnya, EBITDA Disesuaikan GOTO semakin membaik. Meningkat dari minus 4,6% terhadap GTV pada kuartal keempat 2021 menjadi minus 2,3% dari GTV pada kuartal ketiga 2022. Adapun potensi kenaikan opex pada kuartal keempat 2022 terjadi karena biaya sekali bayar sebagai imbas dari kompensasi bagi mereka yang terdampak kebijakan pengurangan karyawan. Di tengah penurunan biaya tersebut, GOTO justru mampu mencatat kenaikan jumlah transaksi. Gross Transaction Value (GTV) GOTO yang berasal dari pelanggan berkualitas tumbuh sebesar 33% dibandingkan tahun sebelumnya atau setara senilai Rp 613 triliun. Sementara take rate tahun 2022 pada segmen bisnis On Demand Services dan E-Commerce tumbuh masing-masing 234 bps dan 32 bps dibandingkan tahun sebelumnya. Direktur Keuangan Grup GoTo, Jacky Lo, dalam keterangan resminya untuk kinerja indikatif kuartal keempat 2022 mengatakan Perseroan berada pada jalur yang tepat untuk mencapai EBITDA Disesuaikan yang positif pada kuartal akhir 2023. Perseroan menegaskan bahwa GoTo memiliki arus kas operasional yang positif didorong oleh perkiraan pengurangan cash burn tahunan sebesar antara 60% sampai 65% di tahun 2023. ""EBITDA Disesuaikan secara grup pada kuartal keempat 2022 adalah sebesar (minus) Rp3,1 triliun atau minus 1,9% dari GTV. Membaik sebesar 52% dibandingkan tahun sebelumnya (YoY).""",Gojek Tokopedia; Direktur Keuangan Grup; Triliun Meski; Kurangi Bakar Uang Selama; Gross Transaction Value,"Emiten teknologi eks startup raksasa RI, GoTo Gojek Tokopedia (GOTO), mencatatkan kerugian bersih Rp 40,4 triliun sepanjang tahun 2022 atau naik 56% dari capaian setahun sebelumnya dengan kerugian senilai Rp 25,9 triliun. Selain itu, perusahaan juga melaporkan perbaikan kinerja dengan EBITDA yang disesuaikan dalam tiga bulan terakhir (kuartal IV-2022) meningkat 52% dibandingkan tahun sebelumnya dan 15% dibandingkan kuartal sebelumnya (Kuartal III-2022) menjadi negatif (-) Rp 3,1 triliun.",20 Maret 2023,Tidak disebutkan dalam artikel,"Direktur Keuangan Grup GoTo, Jacky Lo, dalam keterangan resminya untuk kinerja indikatif kuartal keempat 2022 mengatakan Perseroan berada pada jalur yang tepat untuk mencapai EBITDA Disesuaikan yang positif pada kuartal akhir 2023.","Meski demikian, emiten hasil merger dua unicorn raksasa RI ini juga mencatatkan perbaikan kinerja signifikan dari sisi topline sepanjang tahun 2022. Perbaikan tersebut ditopang oleh kinerja fantastis di tiga bulan terakhir, di mana sepanjang kuartal keempat (Oktober hingga Desember) 2022, pendapatan bersih konsolidasi GOTO melonjak nyaris 200% menjadi Rp 3,4 triliun dibanding periode yang sama tahun sebelumnya."
1424,inflasi dan harga pangan,"Inflasi Maret 2023 Diprediksi Naik, Apa Saja Pemicunya?",2023-04-03 02:27:47,"Tingkat pada Maret 2023 diprediksi akan meningkat. Ekonom Bank Mandiri, Faisal Rachman, memproyeksi inflasi pada bulan lalu tembus di angka 0,29 persen, lebih tinggi dibandingkan inflasi Februari 2023 sebesar 0,16 persen. Pemicu tingginya inflasi Maret terutama disebabkan kenaikan harga , seiring menguatnya permintaan pangan selama bulan puasa. Sementara pasokan pangan dinilai cukup namun rawan terbatas di tengah masa panen yang belum mencapai puncaknya dan cuaca ekstrem. Tak hanya terkait pangan, peningkatan inflasi juga didorong pola musiman peningkatan harga hingga tarif transportasi. Lebih lanjut, harga emas juga naik, menyusul meningkatnya ketidakpastian di pasar keuangan global pasca kegagalan Silicon Valley Bank (SVB), Silvergate Bank, dan Signature Bank di AS yang meningkatkan risiko efek spillover pada sistem perbankan global. ""Mempertimbangkan tiga bulan pertama tahun ini, inflasi year-to-date diperkirakan sebesar 0,79 persen,"" kata Faisal kepada kumparan, Senin (4/3). Sementara itu, Kepala Ekonom Bank Permata, Josua Pardede menjelaskan, inflasi tahunan Indonesia di bulan Maret diperkirakan melambat menjadi 4,97 persen. Meskipun secara bulanan, inflasi mulai mengalami peningkatan menjadi 0,18 persen. ""Peningkatan inflasi bulanan dibandingkan dengan bulan Februari didorong oleh peningkatan inflasi bahan makanan, yang sudah meningkat memasuki bulan Ramadhan,"" kata Josua. Pendorong utama komoditas bahan pangan yang menyumbang inflasi di bulan ini di antaranya adalah cabai rawit, cabai merah, serta bawang merah. Selain itu, bila dilihat dari trennya, harga beras juga masih meningkat, meskipun cenderung melambat di tengah musim panen. ""Inflasi inti mengalami perlambatan menjadi 2,98 persen (yoy) dari sebelumnya 3,09 persen (yoy), meskipun terdapat kecenderungan kenaikan harga emas di bulan Maret,"" terang dia. ""Dari sisi harga barang yang diatur pemerintah, kami perkirakan laju inflasi bulanannya cenderung flat akibat stabilnya harga komoditas minyak mentah dunia,"" imbuhnya.",Kepala Ekonom Bank Permata; Ekonom Bank Mandiri; Faisal Rachman; Silicon Valley Bank; Silvergate Bank,"Tingkat pada Maret 2023 diprediksi akan meningkat. Selain itu, harga emas juga naik, menyusul meningkatnya ketidakpastian di pasar keuangan global pasca kegagalan Silicon Valley Bank (SVB), Silvergate Bank.",Senin (4/3),Indonesia,"Pemicu tingginya inflasi Maret terutama disebabkan kenaikan harga , seiring menguatnya permintaan pangan selama bulan puasa.","Lebih lanjut, harga emas juga naik, menyusul meningkatnya ketidakpastian di pasar keuangan global pasca kegagalan Silicon Valley Bank (SVB), Silvergate Bank, dan Signature Bank di AS yang meningkatkan risiko efek spillover pada sistem perbankan global."
4205,inflasi dan harga pangan,Kemenkeu Yakin Inflasi Bakal Terus Terkendali Selama Ramadhan Ini,2023-04-05 10:51:48,"Kementerian Keuangan ( Kemenkeu ) optimistis bahwa laju inflasi sepanjang bulan Suci Ramadhan kali ini akan terus terkendali. Diketahui laju inflasi Maret 2023 tercatat hanya mencapai 4,97% (yoy), menurun cukup signifikan dari bulan Februari yang tercatat sebesar 5,47% (yoy). ""Hal ini karena berbagai upaya pengendalian harga pangan menjelang Ramadan yang dilakukan Pemerintah terbukti cukup efektif menurunkan inflasi pangan,"" kata Kepala Kebijakan Fiskal Kementerian Keuangan (Kemenkeu) dikutip Rabu (5/4/2023). Febrio mengatakan inflasi harga pangan bergejolak (volatile food) mampu diturunkan secara signifikan dari sebelumnya 7,62% (yoy) pada bulan lalu, menjadi 5,83% (yoy) pada Maret 2023. Meskipun demikian, secara bulan ke bulan, terjadi sedikit kenaikan harga pada beberapa komoditas pangan menjelang Ramadan seiring naiknya permintaan. Selain dari sisi pangan, perlambatan inflasi secara umum juga didorong oleh melambatnya komponen inflasi inti, yaitu sebesar 2,94% (yoy), lebih rendah dari inflasi inti Februari (3,09%). Perlambatan terjadi hampir di semua kelompok barang dan jasa seiring menurunnya tekanan harga komoditas global. Inflasi kelompok harga diatur pemerintah (administered price) juga tercatat 11,56% (yoy), melambat dari bulan Februari yang mencapai 12,24% (yoy), di antaranya dipengaruhi oleh penurunan tarif air PAM. Meskipun demikian, pemerintah juga mengantisipasi risiko kenaikan harga minyak global dalam beberapa hari terakhir akibat kebijakan OPEC+ yang berencana untuk memangkas produksinya. Pemerintah terus menjaga stabilitas harga jelang Hari Besar Keagamaan Nasional (HBKN) Ramadan dan Lebaran. Pemerintah Pusat dan Daerah akan terus memonitor harga dan ketersediaan pangan serta melakukan berbagai kebijakan intervensi, diantaranya melalui operasi pasar dan pasa murah bahan pangan pokok, serta memperkuat stok pangan dan kelancaran distribusi pasokan. Program tambahan bantuan sosial beras yang mulai bergulir akhir Maret juga diperkirakan mampu mengendalikan tekanan harga di pasar domestik dan menjaga akses pangan pokok masyarakat. Stabilitas harga pada masa HBKN menjadi kunci penting dalam menjaga ketahanan pangan dan daya beli masyarakat, pungkas Febrio.",Suci Ramadhan; Kepala Kebijakan Fiskal Kementerian Keuangan; Hari Besar Keagamaan Nasional; Pemerintah Pusat,Kementerian Keuangan ( Kemenkeu ) optimistis bahwa laju inflasi sepanjang bulan Suci Ramadhan kali ini akan terus terkendali.,Rabu (5/4/2023),akan terus memonitor,"""Hal ini karena berbagai upaya pengendalian harga pangan menjelang Ramadan yang dilakukan Pemerintah terbukti cukup efektif menurunkan inflasi pangan,"" kata Kepala Kebijakan Fiskal Kementerian Keuangan (Kemenkeu) dikutip Rabu (5/4/2023).","Pemerintah Pusat dan Daerah akan terus memonitor harga dan ketersediaan pangan serta melakukan berbagai kebijakan intervensi, diantaranya melalui operasi pasar dan pasa murah bahan pangan pokok, serta memperkuat stok pangan dan kelancaran distribusi pasokan."
11261,perayaan hari besar keagamaan,"Freelancer Juga Dapat THR, Begini Hitungannya",2023-03-28 15:51:29,"Menteri Ketenagakerjaan RI Ida Fauziah menegaskan bahwa pekerja lepas atau juga wajib mendapatkan Tunjangan Hari Raya (THR) dari perusahaannya. Termasuk pekerja atau buruh harian lepas yg memenuhi persyaratan sesuai peraturan perundang-undangan (dapat THR), ujarnya dalam konferensi pers secara virtual, Selasa (28/3). Adapun hitungan besaran THR-nya memang berbeda dengan pekerja biasa. Ia menjelaskan, ada dua kategori hitungan THR, pertama adalah untuk pekerja lepas yang dengan masa kerja lebih dari 12 bulan lebih. Maka upah satu bulan dihitung berdasarkan upah yang biasa diterima dalam 12 bulan terakhir sebelum hari raya keagamaan, jelasnya. Kategori pekerja lepas yang kedua adalah dengan masa kerja kurang dari 12 bulan. Untuk kategori pekerja ini, punya hitungan besaran THR yang berbeda pula. Untuk yang demikian maka satu bulan dihitung berdasarkan rata-rata upah yang diterima tiap bulan selama masa kerja tersebut, tandas Ida. Sebelumnya, Kementerian Ketenagakerjaan Republik Indonesia memutuskan bahwa batas akhir pemberian Tunjangan Hari Raya (THR) keagamaan oleh perusahaan terhadap pekerja atau buruh adalah 7 hari sebelum hari raya Idulfitri. THR keagamaan wajib dibayarkan paling lambat 7 hari sebelum hari raya keagamaan, ujar Menteri Ketenagakerjaan (Menaker) RI Ida Fauziah dalam konferensi pers lewat virtual, Selasa (28/3). Ketentuan tersebut diatur, kata Ida, melalui Surat Edaran dengan nomor M/2HK.0400/III/2023 Tentang Pelaksanaan Pemberian Tunjangan Hari Raya Keagamaan Fahun 2023 Bagi Pekerja atau Buruh di Perusahaan. Kita mengeluarkan kebijakan THR untuk pekerja atau buruh di pedesaan. THR ini dimaksudkan untuj membantu memenuhi kebutuhan pekerja dalam menyambut hari raya keagamaan, jelasnya.",Menteri Ketenagakerjaan; Ida Fauziah; Tunjangan Hari Raya; Kementerian Ketenagakerjaan Republik Indonesia; Hari Raya Keagamaan Fahun,"Menteri Ketenagakerjaan RI Ida Fauziah menegaskan bahwa pekerja lepas atau juga wajib mendapatkan Tunjangan Hari Raya (THR) dari perusahaannya. Selain itu, kementerian Ketenagakerjaan Republik Indonesia memutuskan bahwa batas akhir pemberian Tunjangan Hari Raya (THR) keagamaan oleh perusahaan terhadap pekerja atau buruh adalah 7 hari sebelum hari raya Idulfitri.",Selasa (28/3),Perusahaan; Indonesia,"Untuk yang demikian maka satu bulan dihitung berdasarkan rata-rata upah yang diterima tiap bulan selama masa kerja tersebut, tandas Ida.","Ketentuan tersebut diatur, kata Ida, melalui Surat Edaran dengan nomor M/2HK.0400/III/2023 Tentang Pelaksanaan Pemberian Tunjangan Hari Raya Keagamaan Fahun 2023 Bagi Pekerja atau Buruh di Perusahaan."
13856,perayaan hari besar keagamaan,"Peringati Jumat Agung, Sri Mulyani: Pengorbanan Berarti Banyak untuk Orang Lain",2023-04-07 03:26:09,"Menteri Keuangan (Menkeu) Sri Mulyani Indrawati menyampaikan selamat menjalankan ibadah Jumat Agung bagi umat Kristiani. Di mana pada hari ini, masyarakat memperingati hari libur nasional Wafatnya Isa Almasih atau Jumat Agung. ""Semoga damai dan sejahtera senantiasa menyertai kehidupan umat manusia,"" ujar Sri melalui akun Instagram resminya @smindrawati, Jumat (7/4/2023). Sri Mulyani pun berpengarapan pada hari yang sakral ini. ""Memperingati wafat Isa Almasih, mari terus tebarkan kebaikan,"" ucap Sri.",Menteri Keuangan; Sri Mulyani Indrawati; Jumat Agung; Wafatnya Isa Almasih,Menteri Keuangan (Menkeu) Sri Mulyani Indrawati menyampaikan selamat menjalankan ibadah Jumat Agung bagi umat Kristiani.,Jumat (7/4/2023),Tidak disebutkan dalam artikel,Sri Mulyani pun berpengarapan pada hari yang sakral ini.,"""Semoga damai dan sejahtera senantiasa menyertai kehidupan umat manusia,"" ujar Sri melalui akun Instagram resminya @smindrawati, Jumat (7/4/2023)."
8591,bantuan sosial pemerintah,"Kemensos dan DPR Bantu PPKS di Bengkulu, Nilainya Lebih dari Rp1 Miliar",2023-04-06 05:09:45,"Sebanyak 1000 warga miskin dan rentan di Provinsi Bengkulu mendapat bantuan Asistensi Rehabilitasi Sosial (Atensi) dari Sentra ""Dharma Guna"" Kementerian Sosial. Total dana yang disalurkan kepada pemerlu pelayanan kesejahteraan sosial (PPKS) mencapai lebih dari Rp1 miliar. Bantuan yang diberikan kali ini merupakan hasil asesmen terintegrasi Tahun 2022, dengan melalui proses asesmen dan verifikasi dan validasi data sesuai dengan peraturan perundang-undangan yang berlaku. ""Berdasarkan hasil asesmen kali ini, kita memberikan bantuan berupa sembako, nutrisi, mainan anak-anak dan bantuan aksesibilitas kursi roda,"" ujar Kepala Sentra ""Dharma Guna"" di Bengkulu, Syam Wuryani. Sentra ""Dharma Guna"" menyiapkan anggaran senilai Rp1.166.127.400, berupa paket sembako, nutrisi, dan perlengkapan perawatan diri untuk 1.000 PPKS di 10 wilayah kerja Sentra ""Dharma Guna"". Di luar itu, disiapkan juga alat bantu disabilitas berupa kursi roda biasa dan adaptif untuk penyendang disabilitas yang membutuhkannya. Hingga saat ini, Sentra ""Dharma Guna"" telah menyalurkan bantuan Atensi di Kabupaten Bengkulu Selatan, Seluma, Kota Bengkulu dan Kabupaten Bengkulu Tengah. Untuk selanjutnya, berproses akan disalurkan di Kabupaten Kepahiang, Rejang Lebong, Lebong, Bengkulu Utara, Muko-Muko dan Kabupaten Kaur. Dalam penyalurannya di Bengkulu Tengah, turut hadir anggota Komisi VIII DPR RI Mohammad Saleh. ""Kegiatan ini merupakan bentuk kepedulian dan kehadiran negara kepada pemerlu pelayanan kesejahteraan sosial"" katanya. Ia juga menyampaikan kepada pemerintah daerah untuk memanfaatkan fitur ""usul sanggah"" pada aplikasi cekbansos Kemensos . Fitur usul memungkinkan unggah data bagi yang tidak tersentuh bantuan. Fitur sanggah untuk mengoreksi penerima bantuan yang tidak layak. Saleh menyatakan, terobosan ini sebagai bentuk penegakkan keadilan. ""Ini kan ada fitur usul sanggah. Tolong nanti diberikan ke saya (data penerima bantuan). Apabila ada yang tidak berhak ya harus dicoret,"" ungkapnya. Tak lupa ia juga berpesan agar semua unsur pemerintah dan masyarakat dapat bersinergi untuk bersama-sama menurunkan angka kemiskinan terutama di provinsi Bengkulu. ""Saya yakin dan percaya dengan kolaborasi pemerintah, parlemen dan masyarakat secara keseluruhan, berangsur-angsur kita bisa menurunkan kemiskinan di provinsi Bengkulu ini,""katanya. Sebagai informasi, penyaluran bantuan Atensi dilaksanakan sebagai bentuk pelaksanaan Program Rehabilitasi Sosial secara langsung dengan tujuan untuk mencapai keberfungsian sosial individu, keluarga, dan komunitas pada PPKS dalam memenuhi kebutuhan dan hak dasar, melaksanakan tugas dan peranan sosial, serta mengatasi masalah dalam kehidupan.",Dharma Guna; Provinsi Bengkulu; Asistensi Rehabilitasi Sosial; Kementerian Sosial; Kabupaten Bengkulu Tengah,"Sebanyak 1000 warga miskin dan rentan di Provinsi Bengkulu mendapat bantuan Asistensi Rehabilitasi Sosial (Atensi) dari Sentra ""Dharma Guna"" Kementerian Sosial.",6 April 2023,Kabupaten Bengkulu Selatan; kerja Sentra; Provinsi Bengkulu; Kabupaten Kepahiang,"Hingga saat ini, Sentra ""Dharma Guna"" telah menyalurkan bantuan Atensi di Kabupaten Bengkulu Selatan, Seluma, Kota Bengkulu dan Kabupaten Bengkulu Tengah.","Sebagai informasi, penyaluran bantuan Atensi dilaksanakan sebagai bentuk pelaksanaan Program Rehabilitasi Sosial secara langsung dengan tujuan untuk mencapai keberfungsian sosial individu, keluarga, dan komunitas pada PPKS dalam memenuhi kebutuhan dan hak dasar, melaksanakan tugas dan peranan sosial, serta mengatasi masalah dalam kehidupan."
13057,bantuan sosial pemerintah,"Sri Mulyani: Anggaran Perlinsos 2023 Rp 476 T, Ini Rinciannya",2023-03-29 02:17:01,"Menteri Keuangan Sri Mulyani Indrawati mengumumkan anggaran perlindungan sosial pada tahun ini mencapai Rp 476 triliun. Anggaran ini ditunjukkan untuk melindungi 10 juta keluarga penerima manfaat (KPM). Sri Mulyani mengungkapkan bahwa anggaran ini adalah keberpihakan pemerintah bagi masyarakat. Di sisi lain, pemerintah akan menggunakan instrumen APBN untuk meningkatkan kesejahteraan masyarakat. Perlindungan sosial (Perlinsos) juga terus meningkatkan konsumsi masyarakat melalui berbagai kebijakan untuk mendukung daya beli masyarakat, ""Perlinsos 2023 dialokasikan Rp 476 triliun ini tujuannya adalah untuk melindungi 10 juta keluarga penerima manfaat, termasuk dalam program PKH dengan anggaran Rp 28,7 triliun,"" kata Sri Mulyani dalam konferensi pers THR dan Gaji 13, Rabu (29/3/2023). Adapun berikut ini daftar perlinsos 2023: - Penyaluran PKH bagi 10 juta Keluarga Peneirma Manfaat (KPM) sebesar Rp 28,7 triliun - Pemberian bantuan sosial melalui kartu sembako bagi 18,8 juta KPM sebesar Rp 45,1 triliun - Subsidi energi dan nonenergi kepada rumah tangga miskin dan rentan, UMKM, petani serta transportasi publik Rp 290,6 triliun - Penerima bantuan iuran JKN 96,8 juta peserta Rp 46,5 triliun - Penerima bantuan Indonesia Pintar untuk 20,1 juta siswa sebesar Rp 9,7 triliun - Penerima bantuan Bidikmisi/Kartu Indonesia Pintar Kulian untuk 99,3 ribu mahasiswa sebesar Rp 12,8 triliun Pemerintah, kata Sri Mulyani, juga menyiapkan bantuan berupa beras kepada 21,3 juta KPM dan bantuan paket protein berupa telur dan daging ayam kepada 1,4 juta KPM dengan balita stunting di dalamnya. Nilainya mencapai Rp 8,2 triliun. ""Melalui penyaluran berbagai program dan penebalan bantuan sosial tersebut diharapkan konsumsi rumah tangga khususnya di kelompok masyarakat miskin dan rentan tetap terjaga,"" tegasnya.",Menteri Keuangan Sri Mulyani Indrawati; Kartu Indonesia Pintar Kulian; Keluarga Peneirma Manfaat,"Menteri Keuangan Sri Mulyani Indrawati mengumumkan anggaran perlindungan sosial pada tahun ini mencapai Rp 476 triliun. Selain itu, berikut ini daftar perlinsos 2023: - Penyaluran PKH bagi 10 juta Keluarga Peneirma Manfaat (KPM) sebesar Rp 28,7 triliun - Pemberian bantuan sosial melalui kartu sembako bagi 18.",Rabu (29/3/2023),Indonesia,"Perlindungan sosial (Perlinsos) juga terus meningkatkan konsumsi masyarakat melalui berbagai kebijakan untuk mendukung daya beli masyarakat, ""Perlinsos 2023 dialokasikan Rp 476 triliun ini tujuannya adalah untuk melindungi 10 juta keluarga penerima manfaat, termasuk dalam program PKH dengan anggaran Rp 28,7 triliun,"" kata Sri Mulyani dalam konferensi pers THR dan Gaji 13, Rabu (29/3/2023).","Adapun berikut ini daftar perlinsos 2023: - Penyaluran PKH bagi 10 juta Keluarga Peneirma Manfaat (KPM) sebesar Rp 28,7 triliun - Pemberian bantuan sosial melalui kartu sembako bagi 18,8 juta KPM sebesar Rp 45,1 triliun - Subsidi energi dan nonenergi kepada rumah tangga miskin dan rentan, UMKM, petani serta transportasi publik Rp 290,6 triliun - Penerima bantuan iuran JKN 96,8 juta peserta Rp 46,5 triliun - Penerima bantuan Indonesia Pintar untuk 20,1 juta siswa sebesar Rp 9,7 triliun - Penerima bantuan Bidikmisi/Kartu Indonesia Pintar Kulian untuk 99,3 ribu mahasiswa sebesar Rp 12,8 triliun Pemerintah, kata Sri Mulyani, juga menyiapkan bantuan berupa beras kepada 21,3 juta KPM dan bantuan paket protein berupa telur dan daging ayam kepada 1,4 juta KPM dengan balita stunting di dalamnya."
6878,pendidikan dan kampus,"Keuangan Organisasi Kampus: Mengapa Pendapatan Rendah, Pengeluaran Dana Tinggi?",2023-04-10 23:13:22,"Pada dasarnya, keuangan organisasi kampus seringkali menjadi sorotan karena masalah pendapatan yang cenderung di angka defisit atau rendah, sedangkan kebutuhan alokasi dana untuk program kerja cenderung tinggi. Hal ini memicu pertanyaan: Mengapa pendapatan organisasi kampus seringkali tidak mencukupi untuk memenuhi kebutuhan dana yang seharusnya dialokasikan? Salah satu faktor utama mengapa pendapatan organisasi kampus rendah adalah minimnya literasi mengenai kebijakan keuangan atau kebijakan fiskal. Banyak organisasi kampus hanya mengandalkan pendapatan dari biaya pendidikan mahasiswa atau dana kampus sebagai sumber utama pendapatan organisasi non kas. Namun, dalam beberapa tahun terakhir, biaya pendidikan mahasiswa di banyak kampus terus mengalami tekanan untuk tetap stabil agar dapat dijangkau oleh mahasiswa dari berbagai latar belakang ekonomi. Hal ini membuat pendapatan dari biaya pendidikan mahasiswa tidak mencukupi untuk memenuhi kebutuhan dana yang tinggi dalam mengelola kampus, termasuk pembayaran gaji dosen dan pegawai, pemeliharaan gedung dan fasilitas serta pengembangan akademik dan infrastruktur. Hambatan seperti faktor regulasi dan birokrasi yang kompleks juga menjadi kendala dalam mengelola keuangan organisasi kampus. Proses perizinan serta peraturan kompleks lainnya yang cenderung berbelit-belit sehingga seringkali menghambat efisiensi pengelolaan keuangan kampus. Penggunaan biaya tidak terduga yang masih tinggi dalam menghadapi persyaratan regulasi ini dapat mengurangi pendapatan yang tersedia untuk memenuhi kebutuhan dana organisasi kampus. Untuk menjawab permasalahan tersebut, penting bagi organisasi kampus mengambil langkah inovatif dalam mencari sumber pendanaan yang beragam. Diversifikasi sumber pendapatan dapat membantu mengurangi ketergantungan pada biaya pendidikan mahasiswa sebagai satu-satunya sumber pendapatan. Organisasi kampus dapat menjalin kemitraan dengan sektor kewirausahaan internal seperti komunitas pengusaha kampus dan lain sebagainya dalam bentuk dukungan dana investasi, modal pembentukan badan usaha milik organisasi, atau program pengembangan ekonomi kreatif yang didukung oleh komunitas pengusaha kampus hingga perusahan swasta dalam bentuk kerja sama. Selain itu, penting bagi organisasi kampus untuk mengimplementasikan manajemen keuangan yang efisien dan transparan. Proses pengelolaan keuangan yang baik, termasuk perencanaan anggaran yang matang, pengawasan yang ketat terhadap pengeluaran, serta evaluasi terhadap penggunaan dana akan membantu mengurangi pemborosan serta penyalahgunaan dana. Selain itu, pelibatan pihak yang kompeten dalam pengelolaan keuangan, termasuk mahasiswa yang kompeten di bidang tersebut, yang juga dapat membantu memastikan pengelolaan keuangan yang profesional dan bertanggung jawab. Perlu digarisbawahi, dalam mengelola pendapatan organisasi kampus perlu dihindari juga praktik yang merugikan, seperti pengajuan alokasi dana yang sangat tinggi. Hal ini dapat mengakibatkan risiko koruptif dalam internal organisasi yang berdampak pada beban fiskal anggota organisasi. Oleh karena itu, organisasi kampus perlu menjaga keseimbangan antara pendapatan dan pengeluaran serta perlu mengutamakan kualitas program selama masa aktif periode kepengurusan. Dalam menghadapi permasalahan pendapatan rendah namun kebutuhan dana yang tinggi, organisasi kampus perlu mengadopsi pendekatan yang proaktif, inovatif, dan berbasis pada prinsip pengelolaan keuangan yang kredibel dan akuntabel, serta melibatkan berbagai stakeholder yang terkait. Dalam hal ini, kolaborasi antara pemerintah, institusi pendidikan tinggi, alumni, masyarakat, dan sektor swasta menjadi kunci dalam mencapai keberlanjutan keuangan organisasi kampus yang berdampak pada peningkatan kualitas pendidikan yang diberikan. Dengan demikian, permasalahan pendapatan rendah namun kebutuhan dana yang tinggi dapat dihadapi dengan solusi yang terintegrasi dan berkelanjutan, untuk meningkatkan kualitas pendidikan dan keberlanjutan operasional organisasi kampus.",Tidak disebutkan dalam artikel,"Pada dasarnya, keuangan organisasi kampus seringkali menjadi sorotan karena masalah pendapatan yang cenderung di angka defisit atau rendah, sedangkan kebutuhan alokasi dana untuk program kerja cenderung tinggi. Selain itu, penting bagi organisasi kampus untuk mengimplementasikan manajemen keuangan yang efisien dan transparan.",10 April 2023,juga menjadi kendala; lainnya yang cenderung,"Dengan demikian, permasalahan pendapatan rendah namun kebutuhan dana yang tinggi dapat dihadapi dengan solusi yang terintegrasi dan berkelanjutan, untuk meningkatkan kualitas pendidikan dan keberlanjutan operasional organisasi kampus.","Dalam menghadapi permasalahan pendapatan rendah namun kebutuhan dana yang tinggi, organisasi kampus perlu mengadopsi pendekatan yang proaktif, inovatif, dan berbasis pada prinsip pengelolaan keuangan yang kredibel dan akuntabel, serta melibatkan berbagai stakeholder yang terkait."
10642,pendidikan dan kampus,Alasan Tempat Fotokopi Sekitar Kampus Relatif Lebih Murah,2023-04-11 02:08:26,"Lingkungan sekitar kampus terkenal dengan kata murah. Murah di sini berarti dengan apa saja yang berada di sekitar kampus memiliki harga yang murah. Contoh nya saja seperti fotokopian yang terdapat di sekitar kampus. Apabila dibandingkan dengan fotokopian yang berada jauh dari kampus maka sangatlah berbeda dari segi harga. Fotokopian yang jauh dari kampus memiliki harga yang bisa dibilang lebih mahal dari yang ada di sekitar kampus. Lalu mengapa fotokopian sekitar kampus relatif lebih murah? Harga fotokopian di sekitar kampus biasanya lebih murah dikarenakan beberapa alasan seperti berikut : Lingkungan sekitar kampus memiliki banyak usaha fotokopi dan usaha kecil lainnya, sehingga antara satu usaha dengan usaha yang lain memiliki tingkat persaingan yang tinggi. Untuk menarik pelanggan, strategi dari pemilik usaha fotokopian akan menurunkan harga menjadi lebih rendah, dibandingkan usaha yang lain, akan tetapi tetap tidak meninggalkan perhitungan untung dan ruginya. Harga yang lebih murah ini biasanya lebih diminati oleh staf dan mahasiswa dari kampus yang menggunakan jasa mereka. Biaya operasional dari usaha di sekitar kampus memiliki jumlah yang lebih rendah dibandingkan usaha yang jauh dari kampus. Banyak usaha yang berdiri pada bangunan dengan ukuran yang lebih kecil dan terletak pada gedung atau ruko berharga sewa lebih murah. Target pasar terspesialisasi. Maksud dari terspesialisasi di sini adalah rata-rata pelanggan dari usaha fotokopian di dekat kampus adalah para staf dan mahasiswa. Harga dari usaha fotokopian di sekitar kampus pun menyesuaikan kantong mereka untuk memenuhi kebutuhan pasar. Harga yang lebih rendah lebih diminati mahasiswa, terlebih bagi mahasiswa yang tinggal di kos biasanya memiliki anggaran yang lebih rendah dibandingkan para pelanggan yang telah memiliki pekerjaan. Tenaga kerja usaha fotokopian di kampus hanya dikelola oleh beberapa orang, sehingga biaya tenaga kerja dapat diminimalisasi. Selain itu peralatan pada usaha fotokopi di sekitar kampus terkadang masih sederhana. Namun, semua itu disesuaikan dengan pemilik dari usaha masing-masing. Sejauh pengamatan yang dapat dilihat, usaha fotokopian di sekitar kampus masih menggunakan peralatan yang sederhana sehingga harganya tergolong lebih murah. Namun, harga fotokopian yang ada di sekitar kampus juga bisa dipengaruhi oleh faktor-faktor lain seperti bahan baku atau kualitas layanan. Pastinya bahan baku yang ada di tempat fotokopi sekitar kampus memiliki standar yang lebih rendah dibandingkan tempat fotokopi yang berada jauh dari kampus. Oleh karena itu, harga yang lebih murah tidak selalu menjamin kualitas yang lebih baik.",Tidak disebutkan dalam artikel,Lingkungan sekitar kampus terkenal dengan kata murah.,11 April 2023,Tidak disebutkan dalam artikel,"Harga fotokopian di sekitar kampus biasanya lebih murah dikarenakan beberapa alasan seperti berikut : Lingkungan sekitar kampus memiliki banyak usaha fotokopi dan usaha kecil lainnya, sehingga antara satu usaha dengan usaha yang lain memiliki tingkat persaingan yang tinggi.","Sejauh pengamatan yang dapat dilihat, usaha fotokopian di sekitar kampus masih menggunakan peralatan yang sederhana sehingga harganya tergolong lebih murah."
14519,hubungan Indonesia dengan negara lain,Inisiatif Indonesia dalam Kerja Sama Internasional Menjelang Bulan Ramadhan,2023-04-01 12:24:08,"Jakarta, 23 Maret 2023 Sebagai negara dengan populasi Muslim terbesar di dunia, Indonesia memiliki peran penting dalam mempromosikan nilai-nilai kerja sama, toleransi, dan keberagaman pada bulan . Berbagai inisiatif telah dilakukan oleh pemerintah Indonesia dalam bidang diplomasi, bantuan kemanusiaan, dan pemahaman budaya lintas negara. Dalam bidang diplomasi, Kementerian Luar Negeri Indonesia telah mengadakan berbagai pertemuan dan konferensi dengan negara-negara Muslim dan non-Muslim, baik di tingkat bilateral maupun multilateral. Tujuannya adalah untuk menggalang dukungan bagi perdamaian, kerja sama, dan saling pengertian antarbangsa, serta menjelaskan pentingnya Ramadhan dalam kehidupan masyarakat Muslim. Indonesia juga turut berperan aktif dalam menyediakan bantuan kemanusiaan kepada negara-negara yang membutuhkan, terutama menjelang bulan suci Ramadhan. Melalui Badan Nasional Penanggulangan Bencana (BNPB) dan organisasi-organisasi nirlaba, pemerintah Indonesia mengirimkan bantuan berupa paket makanan, air bersih, obat-obatan, dan perlengkapan ibadah kepada negara-negara yang terkena dampak konflik atau bencana alam. Selain itu, Indonesia juga bekerja sama dengan organisasi internasional seperti PBB, OKI, dan Palang Merah dalam rangka menyalurkan bantuan kemanusiaan secara lebih efektif dan efisien. Dalam upaya meningkatkan pemahaman budaya lintas negara, pemerintah Indonesia melalui Kementerian Pendidikan, Kebudayaan, Riset, dan Teknologi (Kemendikbudristek) dan Kementerian Luar Negeri, mengadakan berbagai program pertukaran pelajar dan budaya. Program-program ini mencakup kunjungan ke masjid dan pusat-pusat kebudayaan Islam, diskusi mengenai tradisi dan praktik Ramadhan, serta kegiatan sosial seperti buka puasa bersama dan pembagian takjil di berbagai negara. Indonesia juga aktif dalam mempromosikan budaya dan tradisi Ramadhan melalui media internasional. Stasiun televisi dan radio nasional, seperti TVRI dan RRI, bekerja sama dengan mitra asing untuk menyiapkan program-program khusus yang menampilkan kekayaan budaya Indonesia seputar Ramadhan. Selain itu, penggunaan media sosial oleh masyarakat dan pemerintah Indonesia dalam membagikan informasi dan kegiatan positif selama bulan suci juga turut meningkatkan pemahaman lintas budaya dan menguatkan hubungan antarbangsa. Dengan memanfaatkan platform digital, masyarakat Indonesia dapat berinteraksi dengan individu dari berbagai negara dan saling berbagi pengalaman serta tradisi Ramadhan. Keaktifan Indonesia dalam mempromosikan kerja sama internasional selama Ramadhan juga mencerminkan komitmen negara ini terhadap perdamaian, keberagaman, dan toleransi di tingkat global. Inisiatif-inisiatif ini tidak hanya membantu meningkatkan hubungan antarnegara dan mempererat persahabatan, tetapi juga memberikan kesempatan bagi masyarakat global untuk saling mengenal dan menghargai kekayaan budaya yang dimiliki oleh umat Islam, khususnya di Indonesia. Dengan demikian, upaya Indonesia dalam mempererat kerja sama internasional dalam menyambut bulan Ramadhan menciptakan dampak yang positif, baik dalam hal diplomasi, bantuan kemanusiaan, maupun pemahaman budaya lintas negara. Semoga kegiatan-kegiatan ini dapat terus ditingkatkan dan menjadi inspirasi bagi negara-negara lain untuk saling bekerja sama dalam rangka membangun dunia yang lebih damai, toleran, dan inklusif. Indonesia telah memainkan peran penting dalam mempromosikan kerja sama internasional dalam menyambut bulan Ramadhan melalui berbagai inisiatif, seperti diplomasi, bantuan kemanusiaan, dan pemahaman budaya lintas negara. Negara ini berupaya menjalin hubungan yang erat dengan negara-negara lain, baik Muslim maupun non-Muslim, serta berkontribusi dalam peningkatan pemahaman dan toleransi antarbudaya. Dengan aktif dalam diplomasi, menyediakan bantuan kemanusiaan, dan mengadakan program pertukaran budaya, Indonesia menunjukkan komitmennya untuk membangun dunia yang lebih damai, toleran, dan inklusif. Upaya ini tidak hanya membantu menguatkan hubungan antarnegara dan mempererat persahabatan, tetapi juga memberikan kesempatan bagi masyarakat global untuk saling mengenal dan menghargai kekayaan budaya yang dimiliki oleh umat Islam, khususnya di Indonesia. Melalui kerja sama internasional yang dilakukan oleh Indonesia dalam menyambut bulan Ramadhan, diharapkan dapat menjadi inspirasi bagi negara-negara lain untuk bekerja sama dalam rangka menciptakan dunia yang lebih harmonis, saling menghormati, dan saling membantu.",Kementerian Luar Negeri Indonesia; Melalui Badan Nasional Penanggulangan; Palang Merah; Kementerian Pendidikan; Keaktifan Indonesia,"Jakarta, 23 Maret 2023 Sebagai negara dengan populasi Muslim terbesar di dunia, Indonesia memiliki peran penting dalam mempromosikan nilai-nilai kerja sama, toleransi, dan keberagaman pada bulan . Selain itu, indonesia juga bekerja sama dengan organisasi internasional seperti PBB, OKI, dan Palang Merah dalam rangka menyalurkan bantuan kemanusiaan secara lebih efektif dan efisien.",23 Maret 2023,Jakarta; Indonesia,"Melalui kerja sama internasional yang dilakukan oleh Indonesia dalam menyambut bulan Ramadhan, diharapkan dapat menjadi inspirasi bagi negara-negara lain untuk bekerja sama dalam rangka menciptakan dunia yang lebih harmonis, saling menghormati, dan saling membantu.","Dengan memanfaatkan platform digital, masyarakat Indonesia dapat berinteraksi dengan individu dari berbagai negara dan saling berbagi pengalaman serta tradisi Ramadhan."
4517,hubungan Indonesia dengan negara lain,Berbagai Alasan Indonesia Tak Berminat Buka Hubungan Diplomatik dengan Israel,2023-03-19 23:22:00,"Indonesia merdeka pada 1945 sedangkan Israel dinyatakan sebagai negara pada 1948. Meski secara usia kemerdekaan tidak terpaut jauh, nyatanya Indonesia tidak pernah menjalin hubungan diplomatik dengan negara Yahudi tersebut.Lantas mengapa Indonesia tak memiliki hubungan diplomatik dengan Israel?Indonesia merupakan salah satu dari banyak negara yang tak mengakui kedaulatan Israel sejak negara itu berdiri. Alasannya, secara kewilayahan, tanah yang diduduki Israel merupakan tanah milik bangsa Palestina.Dilansir dari Antara, Pastor Senior Rick Wiles dari Gereja Flowing Streams, Florida Amerika Serikat mengungkapkan bangsa Palestina merupakan pemilik sah tanah tersebut menurut Bibel. Dalam video YouTube yang viral secara luas, ia menunjukkan Kitab Perjanjian Lama atau Holy Bible terbitan 1905 miliknya. Di dalam kitab itu, pada halaman 13, tercantum Peta Palestina. Pada halaman 13 saya ingin menunjukkan bahwa di sini ada sebuah peta dari Tanah Suci (Holy Land) Palestina, bukan Israel, ujar Rick WillesIsrael mulai menjajah Palestina sejak 1900-an. Polemik antara Palestina dan Israel memuncak ketika Perserikatan Bangsa-Bangsa atau PBB menyetujui rencana membagi wilayah Palestina menjadi negara Yahudi dan Arab pada 1947. Setahun kemudian Israel dinyatakan sebagai negara dengan mengakuisisi wilayah Palestina. Indonesia, negara yang mengecam penjajahan di atas dunia, tak mengakui kedaulatan Israel.Menurut Wakil Ketua MPR RI Hidayat Nur Wahid, para founding fathers bangsa Indonesia memahami, membela Palestina dari penjajahan Israel adalah komitmen dan pelaksanaan dari amanat pembukaan UUD NKRI 1945. Bapak-Bapak Bangsa yang terhimpun dalam Panitia 9, mewakili seluruh komponen bangsa, pada 22 Juni 1945 bersepakat untuk menghadirkan Piagam Jakarta yang menjadi bagian dari Pembukaan UUD 45.Ini merupakan norma fundamental berbangsa, selain alinea pertama pembukaan UUD NRI 1945 yang menyatakan bahwa 'kemerdekaan ialah hak segala bangsa dan oleh sebab itu, maka penjajahan di atas dunia harus dihapuskan', juga menyepakati alinea keempat yang mengamanatkan implementasi nyata dari prinsip tersebut, kata Hidayat Nur Wahid pada Selasa, 25 Mei 2021 lalu, dikutip mpr.go.id.Bahkan, Presiden Pertama RI Soekarno tak mengundang Israel dalam gelaran internasional Konferensi Asia-Afrika 1955, di Bandung, Jawa Barat. Sikap tersebut sebagai bentuk dukungan Indonesia kepada perjuangan rakyat Palestina untuk mendapatkan kemerdekaan. Penjajahan Israel terhadap Palestina bertentangan dengan pembukaan konstitusi Indonesia yaitu penjajahan di atas dunia harus dihapuskan. Inilah yang menjadi alasan Indonesia tak memiliki hubungan dengan Israel.Menurut Ketua Umum KNPI Haris Pertama, hubungan antara Indonesia dan Israel tertuang dalam Peraturan Menteri Luar Negeri (Permenlu) Republik Indonesia Nomor 3 Tahun 2019 tentang Panduan Umum Hubungan Luar Negeri oleh Pemerintah Daerah. Dalam Pasal 150 tertera bahwa Indonesia tak memiliki hubungan diplomatik dengan Israel. Dan menentang penjajahan Israel atas wilayah dan bangsa Palestina, ujarnya dalam keterangan tertulis, Rabu, 15 Maret 2022, dikutip dari Antara.Selanjutnya: Janji Amerika jika Indonesia buka hubungan diplomatik dengan Israel...Pada 2020, Menteri Luar Negeri Retno Marsudi juga pernah menegaskan Indonesia tidak berencana untuk melakukan hubungan diplomatik dengan Israel. Pernyataan itu dilontarkannya menanggapi sejumlah pemberitaan yang mengatakan bahwa Indonesia akan segera menormalisasi hubungan dengan negara itu. Menurutnya, hal tersebut tidak akan pernah terjadi, sesuai dengan arahan Presiden Joko Widodo alias Jokowi.Sebagai tindak lanjut arahan Bapak Presiden kepada Menteri Luar Negeri, saya sampaikan hingga saat ini tidak ada niat Indonesia untuk membuka hubungan diplomatik dengan Israel, kata Retno dalam taklimat pers dari Jakarta, Rabu, 16 Desember 2020 silam.Selain tidak adanya rencana untuk membuka hubungan diplomatik dengan Israel, Retno juga kembali menegaskan dukungan Indonesia terhadap kemerdekaan Palestina. Dukungan Indonesia terhadap kemerdekaan Palestina berdasarkan solusi dua negara (two-state solution) dan parameter internasional lain yang telah disepakati, secara konsisten akan tetap dijalankan, ujar dia.Sementara itu, menurut Guru Besar Hukum Internasional Universitas Indonesia Hikmahanto Juwana, Amerika Serikat atau AS sempat berupaya menggoyahkan konsistensi keogahan Indonesia menjalin hubungan diplomatik dengan Israel. Hikmahanto mengatakan Presiden AS kala itu, Donald Trump menjanjikan investasi Rp28 triliun ke Indonesia jika Indonesia bersedia membuka hubungan diplomatik dengan Israel pada 2020.Tentu tawaran seperti itu sangat menggiurkan bagi Indonesia di tengah melemahnya perekonomian Indonesia akibat pandemi Covid 19, kata Hikmahanto.Namun, lanjut Hikmahanto, Indonesia tak akan mungkin menerima tawaran tersebut bila imbalannya adalah membuka hubungan diplomatik dengan Israel. Menurutnya, ada tiga alasan Indonesia tak akan menjalin hubungan diplomatik dengan negara yang masih menjajah Palestina itu. Ada tiga alasan besar untuk ini, kata Hikmahanto pada Jumat, 25 Desember 2020 silam, seperti dikutip Antara.Pertama, kata dia, selama dalam pembukaan konstitusi Indonesia masih tertera kalimat penjajahan di atas dunia harus dihapuskan, maka sebelum Palestina merdeka tidak mungkin bagi Indonesia membuka hubungan diplomatik dengan Israel.Kedua, masyarakat Indonesia masih bersimpati dan memiliki solidaritas tinggi terhadap Palestina yang ditindas Israel, baik karena alasan solidaritas agama maupun perikemanusiaan.Ketiga, ia mengatakan, Presiden Joko Widodo atau Jokowi pernah melakukan pembicaraan melalui telepon dengan Presiden Palestina Mahmoud Abbas, menegaskan bahwa Indonesia tidak akan membuka hubungan diplomatik dengan Israel sebelum Palestina merdeka. Bagi Israel, lanjut Hikmahanto, pengakuan Indonesia atas negara Israel penting karena Indonesia merupakan negara berpenduduk Islam terbesar di luar Timur Tengah.Belum lagi Israel dapat mengklaim ke masyarakat internasional bahwa negara yang anti terhadap penjajahan mau mengakui Israel sebagai negara dan menjalin hubungan diplomatik, ujar dia.Pilihan",Presiden Joko Widodo; Menteri Luar Negeri Retno Marsudi; Presiden Pertama; Presiden Palestina Mahmoud Abbas; Florida Amerika Serikat,Indonesia merdeka pada 1945 sedangkan Israel dinyatakan sebagai negara pada 1948.,"Jumat, 25 Desember 2020; Rabu, 16 Desember 2020; Selasa, 25 Mei 2021",Jakarta; Amerika Serikat; Bandung; Antara,"Bagi Israel, lanjut Hikmahanto, pengakuan Indonesia atas negara Israel penting karena Indonesia merupakan negara berpenduduk Islam terbesar di luar Timur Tengah.","Ketiga, ia mengatakan, Presiden Joko Widodo atau Jokowi pernah melakukan pembicaraan melalui telepon dengan Presiden Palestina Mahmoud Abbas, menegaskan bahwa Indonesia tidak akan membuka hubungan diplomatik dengan Israel sebelum Palestina merdeka."
3572,konflik internasional,"Ketum PBNU Temui Jokowi, Laporkan Kegiatan Peringatan Harlah 1 Abad NU",2023-03-24 06:19:37,"Ketum PBNU Yahya Cholil Staquf menemui Presiden Jokowi untuk melaporkan rangkaian kegiatan Peringatan Harlah 1 Abad NU yang telah selesai digelar. Gus Yahya mengatakan, Peringatan Harlah 1 Abad NU tidak hanya menghasilkan landasan bagi perencanaan program dalam negeri, tapi luar negeri. ""Terutama dengan R20 dan Muktamar Internasional Fikih Peradaban yang keduanya sebetulnya mengarahkan pada satu fokus gagasan bahwa upaya perdamaian internasional itu harus didasarkan pada penguatan internasionalisme dan multilateralisme. Agar pemecahan masalah dari berbagai konflik yang sekarang masih ada ini dibingkai di dalam asumsi kepentingan bersama dari semua pihak dan bukan satu pihak saja,"" kata Gus Yahya di Kompleks Istana Kepresidenan, Jakarta, Jumat (24/3). Gus Yahya mengatakan, NU akan bekerja sama dengan PBB dalam menjalankan kegiatan internasional. Tak hanya dengan PBB, NU juga akan menggandeng organisasi lain seperti FIFA. ""Ini sebagai platform internasional ini harus diperkuat keberadaannya dengan konsisten. Ketika kita mengikuti satu platform internasional, ya, kita harus konsisten dengan semua norma-norma yang sudah disepakati di situ. Sehingga dengan cara itu, kita berada pada posisi moral untuk mengartikulasikan dorongan dan desakan penyelesaian masalah-masalah sebagai kepentingan bersama,"" ujarnya. ""Bukan hanya kepentingan Indonesia atau kepentingan parsial dari satu pihak tertentu saja, tetapi kepentingan universal. Itu yang kita harapkan,"" lanjutnya. Gus Yahya melanjutkan, Jokowi menyambut baik semua laporan yang telah disampaikan. Ke depan, NU akan terus melanjutkan kerja sama dengan kementerian-kementerian terkait program-program yang akan dijalani. ""MoU sudah kami tanda tangani dan kami lanjutkan terus dengan kegiatan yang konkret, program yang kami rancang nanti dieksekusi sampai ke tingkat basis,"" pungkasnya.",Peringatan Harlah; Yahya Cholil Staquf; Presiden Jokowi; Gus Yahya; Muktamar Internasional Fikih Peradaban,Ketum PBNU Yahya Cholil Staquf menemui Presiden Jokowi untuk melaporkan rangkaian kegiatan Peringatan Harlah 1 Abad NU yang telah selesai digelar.,Jumat (24/3),Jakarta; Kompleks Istana Kepresidenan; Indonesia,"Agar pemecahan masalah dari berbagai konflik yang sekarang masih ada ini dibingkai di dalam asumsi kepentingan bersama dari semua pihak dan bukan satu pihak saja,"" kata Gus Yahya di Kompleks Istana Kepresidenan, Jakarta, Jumat (24/3).","Sehingga dengan cara itu, kita berada pada posisi moral untuk mengartikulasikan dorongan dan desakan penyelesaian masalah-masalah sebagai kepentingan bersama,"" ujarnya."
11320,konflik internasional,Ketum PBNU: Piagam PBB Sah Jadi Titik Tolak Perdamaian Secara Syariat,2023-03-27 21:06:39,"Ketua Umum PBNU, KH Yahya Cholil Staquf menyebut piagam perjanjian bangsa bangsa (PBB) yang ditandatangani di San Francisco pada 26 Juni 1945 oleh 50 negara anggota itu menjadi titik tolak berbagai macam perdamaian secara syariat. Menurutnya hanya piagam tersebut yang dapat menghentikan perang. Hal ini disampaikan nya dalam seminar nasional dengan tema ""prospek dan tantangan fiqih peradaban sebagai solusi krisis tata dunia global"" yang diselenggarakan Sekolah Pascasarjana Universitas Islam Negeri (UIN) Syarif Hidayatullah, Senin (27/3/2023) ""Titik tolak dari segala macam perdamaian itu secara syariat adalah piagam PBB karena kalau tidak ada itu, tidak ada landasannya. Tanpa ada perjanjian itu, ya kita semua tidak pernah meninggalkan kewajiban perang,""kata Yahya yang juga disiarkan secara daring melalui akun YouTube @spsuinjkt, Senin (27/3/2023). Dia mengatakan bahwa piagam PBB menjadi sebuah perjanjian internasional pertama yang memiliki kesepakatan untuk tidak meneruskan perang, terutama dalam konflik antar identitas. Sehingga dalam muktamar fiqih peradaban yang digelar PBNU beberapa waktu lalu memutuskan bahwa, piagam PBB sah menurut syariat. Dimana isi perjanjian itu dinilai telah mengikat baik kepada entitas-entitas politik maupun pribadi-pribadi muslim di seluruh dunia. ""Ahamdulillah dalam muktamar internasional jawabannya sah, piagam PBB sah dari segi isinya karena tidak melanggar tidak bertentangan dengan syariat semuanya sesuai. Sah dari segi penandatanganannya karena melibatkan entitas entitas sosial politik yang secara de facto/de jure memang menjadi pihak dalam pihak negara-negara bangsa,""ujar dia. Sebagai informasi, Muktamar Internasional Fikih Peradaban yang digelar PBNU di Surabaya, Jawa Timur, pada Senin (6/2/2023) lalu membahas pandangan hukum Islam terhadap Piagam PBB. Pembahasan ini memiliki nilai kebaruan yang sangat penting untuk memperkuat legitimasi PBB sebagai institusi penting dalam menjaga keutuhan negara bangsa modern saat ini. Namun, hingga disadari bahwa belum tersedia legitimasi fiqhiyah atas Piagam PBB tersebut. Karena salah satu alasan itu, maka PBNU berinisiatif untuk mengajak para ulama dari berbagai negara untuk bersama-sama memikirkannya. Dengan adanya legitimasi berdasarkan hukum Islam, Piagam PBB akan memiliki kekuatan sebagai bagian tak terpisahkan dari perspektif agama Islam itu sendiri. Muktamar Internasional Fikih Peradaban itu pun diikuti oleh 300 ulama dari dalam dan luar negeri. Mereka adalah para ahli hukum Islam yang mewakili lembaga ataupun negaranya sebagai mufti. (kha)",Ketua Umum; San Francisco; Yahya Cholil Staquf; Muktamar Internasional Fikih Peradaban; Sekolah Pascasarjana Universitas Islam,"Ketua Umum PBNU, KH Yahya Cholil Staquf menyebut piagam perjanjian bangsa bangsa (PBB) yang ditandatangani di San Francisco pada 26 Juni 1945 oleh 50 negara anggota itu menjadi titik tolak berbagai macam perdamaian secara syariat.",Senin (27/3/2023); Senin (6/2/2023); 26 Juni 1945,Surabaya; Jawa Timur; San Francisco,"Hal ini disampaikan nya dalam seminar nasional dengan tema ""prospek dan tantangan fiqih peradaban sebagai solusi krisis tata dunia global"" yang diselenggarakan Sekolah Pascasarjana Universitas Islam Negeri (UIN) Syarif Hidayatullah, Senin (27/3/2023) ""Titik tolak dari segala macam perdamaian itu secara syariat adalah piagam PBB karena kalau tidak ada itu, tidak ada landasannya.","Sebagai informasi, Muktamar Internasional Fikih Peradaban yang digelar PBNU di Surabaya, Jawa Timur, pada Senin (6/2/2023) lalu membahas pandangan hukum Islam terhadap Piagam PBB."
11475,kunjungan pejabat asing,"PPKM Dicabut, Tapi Kunjungan Turis Asing ke RI Justru Lesu di Februari 2023",2023-04-03 07:04:55,"Badan Pusat Statistik ( BPS ) melaporkan bahwa kujungan wisatawan mancanegara ( wisman ) atau turis asing pada bulan Februari 2023 mengalami penurunan ditengah pencabutan kebijakan Pemberlakuan Pembatasan Kegiatan Masyarakat (PPKM). Dari catatan BPS memasuki bulan kedua tahun 2023, kunjungan wisman di Indonesia mencapai 701,93 ribu kunjungan angka ini mengalami penurunan 4,62 persen dibandingkan Januari 2023 (month-to-month). Meski demikian jumlah kunjungan wisman ini lebih tinggi dibandingakan periode yang sama tahun lalu, dimana wisman yang datang sebesar 567,27 persen. ""Kunjungan wisman kali ini didominasi oleh wisman dari Malaysia (18,10 persen) dan Australia (12,08 persen) sebagai penyumbang terbesar jumlah kunjungan wisman Februari 2023,"" sebut Deputi Bidang Statistik Distribusi dan Jasa BPS Pudji Ismartini dalam konferensi pers secara virtual, Senin (3/4/2023). Secara kumulatif, kunjungan wisman pada Januari hingga Februari 2023 juga meningkat 532,94 persen dibandingkan periode yang sama tahun 2022. Peningkatan kunjungan ini utamanya tercatat pada pintu bandara Ngurah Rai dan Soekarno Hatta, masing-masing meningkat sebesar 49.949,96 persen dan 716,85 persen. Peningkatan aktivitas wisata juga terpantau dari Tingkat Penghunian Kamar (TPK), baik secara year-on-year (y-on-y) maupun month-to-month (m-to-m). TPK di hotel bintang mencapai 47,83 persen, naik 9,29 poin secara y-on-y dan 2,97 poin secara m-to-m. Sementara itu, TPK nonbintang mencapai 22,67 persen, naik 1,26 poin secara y-on-y dan 0,53 poin secara m-to-m. Meskipun demikian, perlu menjadi catatan bahwa rata-rata lama tamu menginap di hotel berbintang masih belum berubah dibandingkan tahun lalu, yaitu mencapai 1,63.",Badan Pusat Statistik; Pemberlakuan Pembatasan Kegiatan Masyarakat; Deputi Bidang Statistik Distribusi; Pudji Ismartini; Soekarno Hatta,"Badan Pusat Statistik ( BPS ) melaporkan bahwa kujungan wisatawan mancanegara ( wisman ) atau turis asing pada bulan Februari 2023 mengalami penurunan ditengah pencabutan kebijakan Pemberlakuan Pembatasan Kegiatan Masyarakat (PPKM). Selain itu, TPK nonbintang mencapai 22,67 persen, naik 1,26 poin secara y-on-y dan 0,53 poin secara m-to-m.",Senin (3/4/2023),Malaysia; Australia; Tingkat Penghunian Kamar; Indonesia,"Meski demikian jumlah kunjungan wisman ini lebih tinggi dibandingakan periode yang sama tahun lalu, dimana wisman yang datang sebesar 567,27 persen.","Dari catatan BPS memasuki bulan kedua tahun 2023, kunjungan wisman di Indonesia mencapai 701,93 ribu kunjungan angka ini mengalami penurunan 4,62 persen dibandingkan Januari 2023 (month-to-month)."
4079,kunjungan pejabat asing,"Bamsoet Tegaskan, Tidak Semua Turis Rusia di Bali 'Brengsek'",2023-03-27 08:00:00,"INFO NASIONAL Ketua MPR RI sekaligus Wakil Ketua Umum Partai Golkar Bambang Soesatyo (Bamsoet) meminta para wisatawan asing yang berlibur ke Indonesia, termasuk turis asal Rusia untuk mematuhi peraturan yang ada di Indonesia. Baik hukum positif ataupun hukum adat yang berlaku di suatu daerah. Karena, bila melanggar ancaman hukuman yang diberikan bisa berupa deportasi.Saat ini kita banyak mendengar ada beberapa turis asing yang berulah saat berada di Pulau Bali. Mulai dari melanggar lalu lintas, bekerja secara ilegal, hingga melanggar hukum adat. Kita minta agar semua wisatawan asing yang masuk ke Indonesia untuk mematuhi semua peraturan yang ada di Indonesia, ujar Bamsoet usai menerima Komunitas perwakilan Warga Rusia di Bali, Minggu, 26 Maret 2023.Saat ini, kata Bamsoet, wisatawan asing yang sedang mendapat sorotan tajam salah satunya turis asal Rusia. Banyaknya warga Rusia yang datang ke Bali karena merasa nyaman untuk berwisata dan berlibur di Bali. Jikalau ada turis Rusia yang berulah di Bali, jumlahnya kecil dibanding total wisatawan Rusia yang datang ke Bali.Jadi, tidak semua turis asal Rusia brengsek, ujar Bamsoet. Dia menuturkan, imigrasi Ngurah Rai Bali mencatat dari bulan Januari hingga Maret 2023 jumlah wisatawan Rusia yang datang ke Bali di angka 43.622. Tingkat kunjungan turis Rusia masih menduduki peringkat kedua setelah Australia. Sementara, menurut catatan Polda Bali warga Rusia yang melakukan pelanggaran lalu lintas di Bali sekitar 56 pelanggar.Terlepas dari pelanggaran yang dibuat turis Rusia, lanjut Bamsoet, hubungan bilateral antara Rusia dengan Indonesia telah terjalin baik sejak 1956. Rusia telah menjadi salah satu mitra penting bagi Indonesia. Hubungan kerja sama antara keduaNegara juga berkembang dengan baik dan dinamis di berbagai sektor dan pada berbagai tingkatan.Rusia merupakan pasar potensial bagi Indonesia dan mitra dagang utama Indonesia. Kedua negara menargetkan agar nilai perdagangan kedua negara mencapai US$ 5 miliar dapat tercapai dengan peningkatan status kemitraan strategis.Komoditas perdagangan Indonesia dan Rusia merupakan bahan baku manufaktur yang sangat dibutuhkan oleh kedua negara. Rusia dapat menjadi pasar alternatif bagi ekspor komoditas pertanian dan perkebunan Indonesia sejak pandemi Covid-19, kata dia.Selain itu, lanjut dia, terdapat kebutuhan impor Rusia yang tinggi akan sejumlah produk pertanian tertentu akibat sanksi ekonomi AS dan negara Barat, serta adanya perubahan pola konsumsi masyarakat Rusia.Rusia, kata Bamsoet, juga merupakan negara yang potensial di bidang investasi dengan nilai realisasi investasi di Indonesia yang terus meningkat. Rusia menduduki peringkat ke-37 dari semua negara investor di Indonesia. Sejumlah perusahaan Rusia menyampaikan ketertarikan untuk berinvestasi di Indonesia, seperti bidang infrastruktur, energi dan pertambangan.Investasi Rusia di RI menunjukkan tren baik selama 2016-2019, namun akibat pandemi COVID-19, terjadi penurunan yang signifikan pada tahun 2020. Terdapat pemulihan grafik investasi Rusia ke Indonesia pada tahun 2021, yaitu US$ 8,7 juta dalam 122 proyek pada TW II 2021, naik 163,3 persen dari periode yang sama tahun 2020, kata Bamsoet. (*)",Wakil Ketua Umum Partai Golkar Bambang; Golkar Bambang Soesatyo; Warga Rusia; Polda Bali; Pulau Bali,"INFO NASIONAL Ketua MPR RI sekaligus Wakil Ketua Umum Partai Golkar Bambang Soesatyo (Bamsoet) meminta para wisatawan asing yang berlibur ke Indonesia, termasuk turis asal Rusia untuk mematuhi peraturan yang ada di Indonesia.","Minggu, 26 Maret 2023",Rusia; Pulau Bali; Australia; Indonesia,"Kita minta agar semua wisatawan asing yang masuk ke Indonesia untuk mematuhi semua peraturan yang ada di Indonesia, ujar Bamsoet usai menerima Komunitas perwakilan Warga Rusia di Bali, Minggu, 26 Maret 2023.","Sejumlah perusahaan Rusia menyampaikan ketertarikan untuk berinvestasi di Indonesia, seperti bidang infrastruktur, energi dan pertambangan."
5286,kualifikasi piala dunia sepak bola,"Tak Ada Dana, Turnamen Sepak Bola Amputasi 'Piala Bupati Jember' Terseok-seok",2023-03-16 09:37:26,"Pelaksanaan turnamen sepak bola amputasi yang sedang memperebutkan Piala Bupati Jember berjalan terseok-seok. Panitia menderita kesulitan untuk membiayai kegiatan tersebut, karena bantuan dana dari Pemkab Jember tidak tersedia. Pemkab Jember memakai alasan rasionalisasi APBD 2023. Sehingga, wujud bantuan sebatas dukungan fasilitas yang cuma memenuhi sebagian kebutuhan semestinya. ""Hanya fasilitasi tempat. Akomodasi yang tidak bisa ,"" kata Asisten III Sekretariat Pemkab Jember, Widodo Julianto. Widodo mengaku tidak dapat berbuat banyak dalam membantu turnamen. Kendati mengakui tim sepak bola amputasi berkontribusi mengharumkan nama Jember. ""Bagaimana pun mereka itu pernah menunjukkan prestasi mewakili nama Jember (dalam Piala Dunia Amputasi) di Turki. Sebenarnya, kita sayangkan. Tapi, inilah keterbatasan kita,"" dalihnya. Menurut dia, bantuan dana semula dianggarkan sesuai janji Bupati Jember, Hendy Siswanto. Namun, belakangan ada kebijakan rasionalisasi anggaran secara massal. ""Kita lakukan efisiensi. Tidak main-main besarnya mengurangi semua anggaran cukup siginifikan. Kita coba dengan yang lain,"" tukas Widodo. Turnamen sepak bola amputasi berlangsung di Stadion Notohadinegoro dalam rentang waktu tanggal 15-19 Maret 2023. Enam tim yang berpartisipasi: Perkumpulan Sepak Bola Amputasi Indonesia Djember (Persaid) Perkumpulan Sepak Bola Amputasi Surabaya (Persas) Perkumpulan Sepak Bola Amputasi Madura (Persam) Perkumpulan Sepak Bola Amputasi Banyuwangi (Persawangi) Perkumpulan Sepak Bola Amputasi Malang (Persama) Pasuruan Amputee Football Club (PAFC). Ketua Panitia, Sugianto, membeberkan, bantuan berupa penginapan peserta di Hotel Kebonagung milik Pemkab Jember, bus antar-jemput, tempat pertandingan, dan konsumsi nasi kotak. ""Padahal, yang dibutuhkan 120 nasi kotak setiap hari. Ini kami bingung cari sisa kekurangannya,"" keluh pria yang juga Wakil Ketua Persatuan Sepak Bola Amputasi Indonesia (PSAI) itu. Panitia tidak habis pikir dengan keputusan peniadaan anggaran. Sebab, jauh-jauh hari telah dipersiapkan matang dengan menggelar audiensi bersama Bupati Hendy di bulan Maret 2022 silam. ""Kami sudah ada persetujuan dari bupati. Sebelum pemain kami mengikuti kualifikasi Piala Dunia di Bangladesh, kami beraudiensi dengan bupati dan merencanakan akan ada Piala Bupati. Pak Bupati mempersilakan,"" kenang Sugianto. Pertemuan lanjutan antara pegiat sepak bola amputasi dengan Bupati Hendy kembali digelar pada bulan Oktober 2022. Tepatnya, setelah empat pemain Persaid dari mengikuti Piala Dunia di Turki. Ketika itu memang Bupati Hendy menyatakan kesiapannya untuk mendukung turnamen Piala Bupati. Ia memerintahkan Dinas Kepemudaan dan Olahraga (Dispora) Jember untuk menindaklanjuti. Persaid adalah bagian dari cabang olahraga tersendiri yang bisa diteruskan. Dispora bisa mendukung kegiatan Persaid ke depan, kata Hendy, di Pendapa Wahya Wibawa Graha, Kamis, 20 Oktober 2022 lalu. Pegiat sepak bola amputasi menaruh banyak harapan ke Dispora pasca pertemuan dengan Bupati Hendy. Mereka pun mempersiapkan pelaksanaan turnamen. Sebulan jelang dimulai, PSAI berkomunikasi dengan Dispora. Namun, mendapat jawaban tiada anggaran untuk acara Piala Bupati. Dispora justru menyarankan untuk mencari sponsor yang membuat panitia seketika gelagapan. ""Kami bingung mencari anggaran. Donasi belum ada sama sekali. Karena tajuknya Piala Bupati, mereka mengatakan 'kan sudah ditanggung sepenuhnya oleh pemerintah. Pak Bupati minta final di alun-alun, tapi kami tidak ada support berjalan seadanya saja',"" keluh Sugianto. Pelatih Persaid, Rixhie Saputra, kecewa berat. Turnamen kepalang tanggung. Mau tidak mau dilaksanakan turnamen walau harus menelan kenyataan pahit. Kesulitan anggaran sangat terasa berat. Bahkan, uang muka untuk membeli Piala Bupati belum terbayarkan karena saking seretnya pendanaan. ""Konsep kami, piala itu berbentuk seperti ikon Jember tandon air Pasar Tanjung dan ada tongkat sebagai logo sepak bola amputasi. Kami sudah mendesain itu dan sampai saat ini masih mencari anggaran,"" ucap Rixhie.",Piala Bupati Jember; Bupati Hendy; Perkumpulan Sepak Bola Amputasi; Sekretariat Pemkab Jember; Piala Dunia Amputasi,Pelaksanaan turnamen sepak bola amputasi yang sedang memperebutkan Piala Bupati Jember berjalan terseok-seok.,"Kamis, 20 Oktober 2022; 15-19 Maret 2023",Pemkab Jember; Turki; Surabaya; Banyuwangi,"Karena tajuknya Piala Bupati, mereka mengatakan 'kan sudah ditanggung sepenuhnya oleh pemerintah.","Sebab, jauh-jauh hari telah dipersiapkan matang dengan menggelar audiensi bersama Bupati Hendy di bulan Maret 2022 silam."
9097,kualifikasi piala dunia sepak bola,"Cristiano Ronaldo Ukir Sejarah, Jadi Pemain dengan Penampilan Timnas Terbanyak",2023-03-23 23:17:51,"tak berhenti mengukir sejarah. Bintang 38 tahun tersebut baru saja memecahkan rekor sebagai pemain dengan penampilan timnas terbanyak. Eks Manchester United dan Real Madrid tersebut membela Portugal kontra Liechtenstein di Grup J Kualifikasi Euro 2024, Jumat (24/3) dini hari WIB. Menurut catatan , laga itu menjadi pertandingan Ronaldo ke-197 bersama . Kesempatan itu sekaligus menjadi rekor bagi bintang Al Nassr tersebut. Ronaldo berhasil melampaui eks Timnas Kuwait, Bader Al-Mutawa, yang memiliki catatan 196 . Alhasil, Ronaldo adalah pemain dengan catatan penampilan terbanyak di timnas sepanjang sejarah. ""Itu akan membuat saya bangga. Tapi tidak berhenti di situ saja. Saya masih ingin membela timnas lebih sering,"" tambahnya. Laga tersebut juga cukup spesial. Pasalnya, Ronaldo berhasil mencatatkan dalam kemenangan 4-0 Portugal atas Liechtenstein. Catatan tersebut juga menandakan bahwa Ronaldo selalu mencetak gol untuk Portugal setiap tahunnya dalam 20 tahun terakhir, terhitung sejak 2004 silam.",Eks Manchester United; Real Madrid; Kualifikasi Euro; Al Nassr; Timnas Kuwait,tak berhenti mengukir sejarah.,Jumat (24/3),Grup,"Alhasil, Ronaldo adalah pemain dengan catatan penampilan terbanyak di timnas sepanjang sejarah.",Bintang 38 tahun tersebut baru saja memecahkan rekor sebagai pemain dengan penampilan timnas terbanyak.
3202,prestasi atlet Indonesia,BNI Apresiasi Prestasi Atlet Indonesia di Spain Masters 2023,2023-04-04 14:40:00,"PT Bank Negara Indonesia (Persero) Tbk. atau BNI sebagai salah satu sponsor utama bulu tangkis Indonesia, mengucapkan selamat atas prestasi gemilang yang diraih oleh atlet badminton Indonesia di ajang Spain Masters 2023.Gregoria Mariska Tunjung, tunggal putri Indonesia, berhasil meraih gelar juara pertamanya di BWF World Tour setelah mengalahkan Pusarla V. Sindu dari India dengan skor 21-8 dan 21-8 pada pertandingan final.Gregoria tampil percaya diri sejak awal pertandingan dan berhasil mempertahankan performa terbaiknya hingga akhirnya meraih kemenangan yang membanggakan.Di kategori ganda campuran, pasangan Praveen Jordan dan Melati D. Oktavianti juga tampil impresif di ajang ini, walau harus puas sebagai runner-up setelah mengalami kekalahan dari pasangan Denmark Mathias Christiansen dan Alexandra Boje dengan skor 20-22 dan 18-21.""Kami sangat bangga dengan pencapaian gemilang yang diraih oleh para atlet bulu tangkis Indonesia di Spain Masters 2023. Kemenangan Gregoria Mariska Tunjung menjadi satu momen bersejarah dan membuktikan bahwa bulutangkis Indonesia memiliki potensi besar di kancah dunia,"" kata Corporate Secretary BNI Okki Rushartomo.Ia menambahkan, BNI berkomitmen untuk terus mendukung pengembangan dan pembinaan bulu tangkis bersama Persatuan Bulutangkis Seluruh Indonesia (PBSI) guna meraih prestasi kelas dunia.""Kami akan terus berupaya memberikan dukungan terbaik kami agar atlet bulu tangkis Indonesia dapat terus mengharumkan nama bangsa di dunia Internasional.BNI juga mengajak seluruh BNI Hi-Movers dan masyarakat Indonesia untuk terus memberikan dukungan kepada atlet bulu tangkis Indonesia, sehingga dapat terus berkembang dan meraih prestasi yang lebih gemilang di masa depan.""Sekali lagi BNI mengucapkan selamat atas pencapaian prestasi di ajang Spain Masters 2023. Semoga semangat juang para atlet bulutangkis Indonesia terus membara dan menginspirasi generasi muda Indonesia untuk #LompatLebihTinggi,"" ucap Okki. (*)",Bank Negara Indonesia; World Tour; Spain Masters; Kemenangan Gregoria Mariska Tunjung; Praveen Jordan,PT Bank Negara Indonesia (Persero) Tbk.,4 April 2023,India; Spain Masters; Indonesia,"BNI juga mengajak seluruh BNI Hi-Movers dan masyarakat Indonesia untuk terus memberikan dukungan kepada atlet bulu tangkis Indonesia, sehingga dapat terus berkembang dan meraih prestasi yang lebih gemilang di masa depan.""Sekali lagi BNI mengucapkan selamat atas pencapaian prestasi di ajang Spain Masters 2023.","Oktavianti juga tampil impresif di ajang ini, walau harus puas sebagai runner-up setelah mengalami kekalahan dari pasangan Denmark Mathias Christiansen dan Alexandra Boje dengan skor 20-22 dan 18-21.""Kami sangat bangga dengan pencapaian gemilang yang diraih oleh para atlet bulu tangkis Indonesia di Spain Masters 2023."
14668,prestasi atlet Indonesia,Foto: Atlet Lompat Galah Ikuti Pelatnas SEA Games Kamboja 2023,2023-03-29 02:56:49,"Atlet nomor lompat galah mengikuti Pemusatan Latihan Nasional ( ) SEA Games Kamboja 2023. Tim Nasional atletik Indonesia diperkirakan akan menurunkan 25 atlet untuk semua nomor di Kamboja. Para Atlet atletik nomor lompat galah berlatih dalam Pemusatan Latihan Nasional (Pelatnas) SEA Games 2023 di Lapangan Madya, Gelora Bung Karno, . Sejumlah nama atlet lompat galah tersebut adalah Idan Fauzan Richsan, Maria Andriani Melabesy, dan Diva Renata Jayadi.",Pemusatan Latihan Nasional; Games Kamboja; Tim Nasional; Para Atlet; Lapangan Madya,Atlet nomor lompat galah mengikuti Pemusatan Latihan Nasional ( ) SEA Games Kamboja 2023.,29 Maret 2023,Kamboja; Lapangan Madya; Indonesia,"Sejumlah nama atlet lompat galah tersebut adalah Idan Fauzan Richsan, Maria Andriani Melabesy, dan Diva Renata Jayadi.","Para Atlet atletik nomor lompat galah berlatih dalam Pemusatan Latihan Nasional (Pelatnas) SEA Games 2023 di Lapangan Madya, Gelora Bung Karno, ."
3819,pembangunan IKN,Otorita IKN Optimalkan Tingkat Komponen Dalam Negeri dalam Pembangunan IKN,2023-03-15 05:49:39,"Otorita Ibu Kota Negara atau Otorita IKN Nusantara siap mengoptimalkan Tingkat Komponen Dalam Negeri (TKDN) dalam pembangunan Ibu Kota Negara atau IKN Nusantara.""TKDN itu penting dan ini kami akan optimalkan. Optimalkan pemanfaatan tidak hanya material namun juga sumber daya-sumber daya lokal,"" ujar Deputi Bidang Transformasi Hijau dan Digital Otorita IKN Mohammed Ali Berawi di Auditorium Kementerian PUPR, Jakarta, Rabu, 15 Maret 2023.Maka dari itu, lanjut Ali, kata kunci transfer teknologi dan pengetahuan menjadi hal sangat penting.Hal ini dikarenakan terkait dengan modernisasi proyek-proyek yang harus ada pembangunan hardware, seperti pembangunan fisik gedung dan sebagainya, serta harus ada pembangunan software, seperti teknologi yang menghubungkan gedung dan bangunan-bangunan fisik tersebut agar lebih efisien dan efektif.Selain itu, dalam pembangunan IKN juga harus ada pembangunan brainware atau kapasitas sumber daya manusia atau SDM dan kapasitas baik pebisnis, unit usaha dan industri harus naik kelas""Ini yang harus kami manfaatkan momentum IKN sebagai momentum transformasi berbudaya, bekerja, dan living,"" kata Ali.Ali juga menambahkan Otorita IKN juga mengoptimasikan tenaga kerja dan sumber daya lokal, namun untuk material juga didatangkan dari wilayah-wilayah dalam negeri yang bertetangga dengan IKN, seperti Sulawesi.Selanjutnya: Selama pembangunan IKN....Selama pembangunan IKN secara otomatis aktivitas ekonomi mengalami peningkatan, sehingga pembangunan IKN memberikan peluang tidak hanya bagi masyarakat lokal di sekitar IKN namun juga menggerakkan perekonomian seluruh Indonesia.""Ini yang harus dimanfaatkan sebaik mungkin, bagaimana amanat membangun IKN sebagai kota yang berkelanjutan, berketahanan, hijau, pintar, dan inklusif benar-benar bisa kita wujudkan,"" ujar Ali.Lembaga Pengembangan Jasa Konstruksi (LPJK) Kementerian Pekerjaan Umum dan Perumahan Rakyat (Kementerian PUPR) sebelumnya mengungkapkan optimalisasi Tingkat Komponen Dalam Negeri atau TKDN dalam pembangunan IKN Nusantara membuka lapangan kerja.Koordinator V LPJK Kementerian PUPR Manlian Ronald A. Simanjuntak mengatakan, TKDN ini betul-betul diperjuangkan supaya sepenuhnya 70 persen sampai 80 persen ada di Indonesia. Strateginya adalah yang pertama LPJK mendorong mulai dari tenaga kerja konstruksi, kemudian aplikator, material, badan usaha termasuk penyedia jasa memastikan sumber daya manusianya berasal dari Indonesia.Sedangkan urusan material, bagaimana ketersediaan material lokal. Kalaupun ada material dari luar negeri maka diusahakan pabrikannya dihasilkan di Indonesia, termasuk peralatan, perakitan sampai dengan ketersediaan suku cadang dan sebagainya.Terkait TKDN ini, Kementerian PUPR bekerja sama dengan Kementerian Perindustrian. Hal ini dikarenakan sertifikasi TKDN diterbitkan oleh Kementerian Perindustrian.Pilihan",Otorita Ibu Kota Negara; Tingkat Komponen Dalam Negeri; Kementerian Perindustrian; Deputi Bidang Transformasi Hijau; Mohammed Ali Berawi,"Otorita Ibu Kota Negara atau Otorita IKN Nusantara siap mengoptimalkan Tingkat Komponen Dalam Negeri (TKDN) dalam pembangunan Ibu Kota Negara atau IKN Nusantara.""TKDN itu penting dan ini kami akan optimalkan. Selain itu, lembaga Pengembangan Jasa Konstruksi (LPJK) Kementerian Pekerjaan Umum dan Perumahan Rakyat (Kementerian PUPR) sebelumnya mengungkapkan optimalisasi Tingkat Komponen Dalam Negeri atau TKDN dalam pembangunan IKN Nusantara membuka lapangan kerja.","Rabu, 15 Maret 2023",Jakarta; Auditorium Kementerian; Indonesia,"Selain itu, dalam pembangunan IKN juga harus ada pembangunan brainware atau kapasitas sumber daya manusia atau SDM dan kapasitas baik pebisnis, unit usaha dan industri harus naik kelas""Ini yang harus kami manfaatkan momentum IKN sebagai momentum transformasi berbudaya, bekerja, dan living,"" kata Ali.","Ali juga menambahkan Otorita IKN juga mengoptimasikan tenaga kerja dan sumber daya lokal, namun untuk material juga didatangkan dari wilayah-wilayah dalam negeri yang bertetangga dengan IKN, seperti Sulawesi."
13536,pembangunan IKN,"Jadi Kota Kelas Dunia, Ini 3 Target IKN Nusantara",2023-03-26 14:05:01,"Pembangunan Ibu Kota Negara di Kalimantan Timur terus dikebut. Proyek Ibu Kota Nusantara (IKN) membawa banyak teknologi dan akan menjadi Kota Berkelas Dunia. Dalam proses pembangunannya, ditentukan tigas target capaian IKN sebagai kota kelas dunia di masa depan. Pertama, IKN akan menjadi kota 10 menit yang dirancang untuk pejalan kaki. Kedua, 75% area IKN merupakan ruang hijau. Ketiga, IKN masuk 10 kota layak huni terbaik, cerdas dan aktif di dunia. ""Harapannya, IKN dapat menjadi pusat pertumbuhan baru yang dapat mendorong ekonomi di wilayah tengah dan timur Indonesia,"" tulis Kementerian PUPR di Instagramnya. Sementara itu, Otorita Ibu Kota Nusantara (OIKN) dan Kementerian Pekerjaan Umum dan Perumahan Rakyat (PUPR) telah mempersiapkan infrastruktur mitigasi banjir di kawasan sekitar Ibu Kota Negara (IKN) Nusantara. ""OIKN telah melakukan berbagai upaya untuk memitigasi banjir, di antaranya dengan membangun bendung, embung, dan retensi kolam-kolam yang dilakukan oleh Kementerian PUPR yang saat ini masih berjalan. Selain itu, juga dilakukan pembangunan infrastruktur pengendali banjir di Daerah Aliran Sungai (DAS) dan penyusunan Rencana Pengelolaan DAS terpadu di IKN dan rehabilitasi hutan dan lahan oleh BPDAS Mahakam Berau, kata Sekretaris OIKN Achmad Jaka Santos Adiwijaya. Jaka mengatakan, sebelumnya Otorita IKN juga telah mengidentifikasi adanya potensi banjir di beberapa area di Kelurahan Sepaku, karena lokasi banjir di wilayah tersebut adalah daerah dataran rendah yang sudah sering terjadi banjir sebelumnya Oleh karenanya, OIKN bersama dengan pemangku kepentingan lainnya sedang membangun infrastruktur untuk mengatasi banjir di kawasan sekitar IKN, khususnya Kelurahan Sepaku. OIKN telah mengidentifikasi penyebab banjir di Kelurahan Sepaku, di wilayah Nusantara, Kalimantan Timur pada 17 Maret lalu. Di mana penyebabnya adalah hujan yang terjadi di bagian hulu dan adanya gorong-gorong yang tidak optimal, sehingga meningkatnya aliran permukaan, lalu ada faktor erosi, kemudian sedimentasi dan pendangkalan sungai.",Pembangunan Ibu Kota Negara; Kalimantan Timur; Proyek Ibu Kota Nusantara; Kelurahan Sepaku; Kota Berkelas Dunia,"Pembangunan Ibu Kota Negara di Kalimantan Timur terus dikebut. Selain itu, otorita Ibu Kota Nusantara (OIKN) dan Kementerian Pekerjaan Umum dan Perumahan Rakyat (PUPR) telah mempersiapkan infrastruktur mitigasi banjir di kawasan sekitar Ibu Kota Negara (IKN) Nusantara.",26 Maret 2023,Kalimantan Timur; Daerah Aliran Sungai; Kelurahan Sepaku; tengah dan timur,"Jaka mengatakan, sebelumnya Otorita IKN juga telah mengidentifikasi adanya potensi banjir di beberapa area di Kelurahan Sepaku, karena lokasi banjir di wilayah tersebut adalah daerah dataran rendah yang sudah sering terjadi banjir sebelumnya Oleh karenanya, OIKN bersama dengan pemangku kepentingan lainnya sedang membangun infrastruktur untuk mengatasi banjir di kawasan sekitar IKN, khususnya Kelurahan Sepaku.","""OIKN telah melakukan berbagai upaya untuk memitigasi banjir, di antaranya dengan membangun bendung, embung, dan retensi kolam-kolam yang dilakukan oleh Kementerian PUPR yang saat ini masih berjalan."
2084,transportasi dan mudik,"Daftar 9 Titik Rawan Macet Mudik Lebaran 2023, Pemudik Diharap Waspada",2023-04-08 21:30:00,"Menjelang arus Mudik Lebaran 2023, pemerintah bersama aparat kepolisian mengantisipasi terjadinya lonjakan mobilitas yang dapat memicu kemacetan di jalur transportasi darat, khususnya ruas jalan tol. Sehingga informasi mengenai titik rawan macet mudik lebaran pun sangat penting diketahui oleh calon pemudik. Jalur transportasi darat adalah jalur yang paling banyak digunakan oleh pemudik saat lebaran. Pada mudik 2023 tahun ini jalur transportasi darat, khususnya jalan tol diperkirakan akan mengalami lonjakan seperti tahun lalu. Hal ini lantaran antusis masyarakat yang ingin mudik ke kampung halaman cukup tinggi. Untuk mengantisipasi terjadinya kemacetan di sejumlah titik, calon pemudik diharap mengetahui informasi mengenai sejumlah titik rawan macet mudik lebaran . Lantas mana saja jalan yang harus diwaspadai? Simak daftarnya di bawah ini. Titik Rawan Macet Mudik Lebaran Dikutip dari penjelasan A.M.Fikri, Founder haltebus.com berikut adalah titik rawan macet mudik lebaran. Titik Kemacetan Jakarta Cikampek 1. Simpang Cikunir Bawah 2. Simpang Cikunir Tol Layang MBZ. 3. Rest Area Km 19 4. Pertemuan Arus Tol Layang MBZ dan Tol Bawah di Km 47 5. Rest Area Km 52 6. Rest Area KM 57 7. Simpang Cikampek-Bandung Km 66 8. GT Kalihurip Utama (Arah Bandung) 9. GT Cikampek Utama (Arah Cirebon). Titik Rawan Kemacetan Tol Trans Jawa Kemacetan tak hanya terjadi di Cikampek saja, diperkirakan kemacetan juha akan terjadi di tol Tran Jawa. Rest Area Tol Cikopo Palimanan mulai Km 88 sampai dengan Km 166 diperkirakan menjadi titik rawan kemacetan. Dari tahun ke tahun memang hampir di seluruh Rest Area Tol Trans Jawa kerap terjadi penumpukan kendaraan. Untuk mengantisipaai penumpukan di ruas Tol Trans Jawa, pemudik dapat beristirahat dan mengisi BBM di SPBU luar tol. Untuk menghindari kepadatan lalu lintas yang terjadi di Tol Cipali, pemudik bisa mengambil rute Sadang-Cikamurang-Kadipaten-Cirebon ataupun Cikampek-Ciasem-Sukamandi-Cirebon. Persiapan Mudik Agar Tidak Mengalami Kemacetan Agar tidak mengalami kemacetan, alangkah bailnya jika pemudik dengan kendaraan pribadi yang menuju kota-kota di wilayah Jawa Tengah dan Timur yang melalui Tol Trans Jawa supaya merencanakan perjalanannya. Adapun beberapa persiapan menjelang mudik yang harus diperhatikan antara lain yaitu: 1. Pilih tanggal yang sesuai dengan prediksi pemerintah 2. Hindari tanggal yang diprediksi akan terjadi kepadatan lalu-lintas 3. Persiapkan dengan matang rencana rute yang akan dilalui, khususnya jalur alternative jika perjalanan terhambat lantaran terjadinya kepadatan 4. Segera cari alternatif jalan guna menghindari kepadatan. 5. SPBU, rest area dan juga rumah makan tidak hanya ada di dalam tol. Anda dapat menemui tempat-tempat tersebut di luar area tol. 6. Hampir di setiap tirik pintu keluar tol terdapat rumah makan, SPBU dan juga tempat beristirahat. 7. Jangan memaksakan diri untuk masuk ke dalam rest area tol jika sudah penuh. 8. Ingat ada batas waktu selama 30 menit untuk parkir di Rest Area Tol, disarankan pemudik untuk mencari tempat beristirahat di pintu keluar tol terdekat. 9. Jangan berhenti di bahu jalan, hal ini lantaran akan menambah parah kepadatan dan kemacetan. Demikian tadi informasi mengenai titik rawan macet mudik lebaran serta himbauan agar pemudik tidak mengalami kepadatan lalu lintas. Semoga bermanfaat!",Mudik Lebaran; Tol Cipali; Rest Area Tol Cikopo; Tol Trans Jawa; Titik Rawan Macet Mudik,"Menjelang arus Mudik Lebaran 2023, pemerintah bersama aparat kepolisian mengantisipasi terjadinya lonjakan mobilitas yang dapat memicu kemacetan di jalur transportasi darat, khususnya ruas jalan tol.",8 April 2023,Cirebon; Bandung; Jakarta; Jawa Tengah dan,"Persiapkan dengan matang rencana rute yang akan dilalui, khususnya jalur alternative jika perjalanan terhambat lantaran terjadinya kepadatan 4.","Untuk mengantisipasi terjadinya kemacetan di sejumlah titik, calon pemudik diharap mengetahui informasi mengenai sejumlah titik rawan macet mudik lebaran ."
3490,transportasi dan mudik,24 BUMN Luncurkan Program Mudik Gratis 2023 untuk 65.603 Orang Besok,2023-03-14 07:57:41,"Menteri Badan Usaha Milik Negara (BUMN) Erick Thohir bakal meluncurkan mudik gratis untuk 65.603 orang. Program yang diinisiasi 24 BUMN ini akan dirilis Rabu (15/3) besok. Erick merinci kuota untuk 65.603 pemudik terbagi ke dalam berbagai moda transportasi yakni bus, kereta api dan kapal laut. Ia mengatakan peserta program mudik gratis ini akan diberangkatkan dari berbagai titik, mulai dari terminal, stasiun hingga pelabuhan. ""Melalui mudik bersama BUMN, kami mengalihkan ribuan pengguna kendaraan, terutama sepeda motor ke moda transportasi umum, seperti bus, kereta api, dan kapal laut yang memenuhi standar keselamatan transportasi sehingga masyarakat dapat merasakan mudik yang aman dan nyaman,"" ujar Erick dalam keterangan resmi, Selasa (14/3). Ia mengatakan program mudik bersama BUMN tahun ini dipimpin PT Jasa Raharja. Nantinya, armada bus dari Jakarta akan diberangkatkan dari Ring Road Gelora Bung Karno (GBK) Jakarta pada 18 April. Sementara itu, pemudik yang menggunakan moda transportasi kereta api akan diberangkatkan dari Stasiun Pasar Senen pada 15 April dan 16 April mendatang. Harapannya, mudik gratis ini bisa mengurangi kemacetan dan risiko kecelakaan para pemudik di jalan raya. ""Untuk mekanisme dan syarat pendaftaran akan kami sampaikan pada saat peluncuran program mudik bersama BUMN. Kami berharap masyarakat dapat memanfaatkan program ini untuk bisa mudik dengan aman dan nyaman bersama keluarga tercinta,"" tandas Erick.",Menteri Badan Usaha Milik Negara; Erick Thohir; Jasa Raharja; Ring Road Gelora Bung; Stasiun Pasar Senen,"Menteri Badan Usaha Milik Negara (BUMN) Erick Thohir bakal meluncurkan mudik gratis untuk 65.603 orang. Selain itu, pemudik yang menggunakan moda transportasi kereta api akan diberangkatkan dari Stasiun Pasar Senen pada 15 April dan 16 April mendatang.",Selasa (14/3); Rabu (15/3),Jakarta; Ring Road Gelora; Stasiun Pasar Senen,"""Melalui mudik bersama BUMN, kami mengalihkan ribuan pengguna kendaraan, terutama sepeda motor ke moda transportasi umum, seperti bus, kereta api, dan kapal laut yang memenuhi standar keselamatan transportasi sehingga masyarakat dapat merasakan mudik yang aman dan nyaman,"" ujar Erick dalam keterangan resmi, Selasa (14/3).","Kami berharap masyarakat dapat memanfaatkan program ini untuk bisa mudik dengan aman dan nyaman bersama keluarga tercinta,"" tandas Erick."
